사업장명,사업자등록번호,종별명,업태구분명,폐업일자,좌표X,좌표Y,데이터갱신시점,데이터갱신구분,상세영업상태코드,상세영업상태명,배출시설연간가동일수,배출시설조업시간,환경업무구분명,최종수정시점,인허가일자,소재지우편번호,지번주소,관리번호,개방자치단체코드,주생산품명,방지시설연간가동일수,방지시설조업시간,도로명주소,도로명우편번호,재개업일자,영업상태구분코드,영업상태명,휴업시작일자,휴업종료일자,소재지전화번호,업종구분명
뿔테와금테안경원,1110127209,,,,192677.728766372,457448.004095905,2026-05-15 22:54:03,I,11,영업,,,기타수질오염원관리,2021-07-02 09:54:06,2021-07-02,,서울특별시 은평구 갈현동 452-29 1층,311000025202100061,3110000,,,,"서울특별시 은평구 연서로29길 21, 1층 (갈현동)",03331,,01,영업/정상,,,02-352-8882,
으뜸50안경 응암점,6671901202,,,,192392.925492986,455206.719199779,2026-05-15 22:54:03,I,11,영업,,,기타수질오염원관리,2021-07-02 09:54:07,2021-07-02,,서울특별시 은평구 신사동 2-15 2층,311000025202100062,3110000,,,,"서울특별시 은평구 은평로3길 1, 2층 (신사동)",03422,,01,영업/정상,,,02-355-5055,
이안.렌즈아이,6870501742,,,,192110.579533257,455117.513947338,2026-05-15 22:54:03,I,11,영업,,,기타수질오염원관리,2021-07-02 09:54:08,2021-07-02,,서울특별시 은평구 신사동 20-26 1층,311000025202100063,3110000,,,,"서울특별시 은평구 은평로 33, 1층 (신사동)",03423,,01,영업/정상,,,02-355-7879,
으뜸50안경 연신내점,4046200326,,,,192963.278707466,457362.284809028,2026-05-15 22:54:03,I,11,영업,,,기타수질오염원관리,2022-12-01 11:20:17,2021-07-02,,서울특별시 은평구 대조동 185-1 신한은행,311000025202100064,3110000,,,,"서울특별시 은평구 통일로 845, 신한은행 (대조동)",03385,,01,영업/정상,,,,
신안경,1226200327,,,,192311.426388077,456720.988373959,2026-05-15 22:54:03,I,11,영업,,,기타수질오염원관리,2023-02-16 17:56:18,2021-07-02,,"서울특별시 은평구 구산동 199-1 1, 2층",311000025202100065,3110000,,,,"서울특별시 은평구 서오릉로 177, 1, 2층 (구산동)",03410,,01,영업/정상,,,02-355-1090,
아프리카랩 이마트은평점,1216466392,,,,192882.837727443,455340.54056388,2026-05-15 22:54:03,I,11,영업,,,기타수질오염원관리,2021-07-02 15:47:43,2021-07-02,,서울특별시 은평구 응암동 90-1 은평이마트 8층,311000025202100066,3110000,,,,"서울특별시 은평구 은평로 111, 은평이마트 8층 (응암동)",03461,,01,영업/정상,,,,
은평성모안경,1100633950,,,,192525.587513982,459028.508907601,2026-05-15 22:54:03,I,11,영업,,,기타수질오염원관리,2021-07-02 15:47:44,2021-07-02,,서울특별시 은평구 진관동 55 지하2 B2AM2호,311000025202100068,3110000,,,,"서울특별시 은평구 통일로 1021, 지하2층 B2AM25호 (진관동)",03312,,01,영업/정상,,,,
안경마을,1101793444,,,,193317.738544274,457582.41071229,2026-05-15 22:54:03,I,11,영업,,,기타수질오염원관리,2021-07-02 15:47:45,2021-07-02,,서울특별시 은평구 불광동 353-59 1층,311000025202100069,3110000,,,,"서울특별시 은평구 연서로 274, 1층 (불광동)",03349,,01,영업/정상,,,,
안경공장.공장장 렌즈아이,8023900013,,,,191964.672329596,453567.143943658,2026-05-15 22:54:03,I,11,영업,,,기타수질오염원관리,2021-07-02 15:47:45,2021-07-02,,서울특별시 은평구 증산동 168-2 1층,311000025202100070,3110000,,,,"서울특별시 은평구 증산로 305, 1층 (증산동)",03499,,01,영업/정상,,,02-307-0015,
아름다운시선,1491401048,,,2026-03-10,192166.504347874,456841.083566889,2026-05-15 22:54:03,I,2,폐업,,,기타수질오염원관리,2026-03-13 16:37:25,2021-07-02,,서울특별시 은평구 갈현동 498-4 구산빌딩 105호,311000025202100071,3110000,,,,"서울특별시 은평구 서오릉로 196, 구산빌딩 1층 105호 (갈현동)",03335,,03,폐업,,,02-6356-0429,
이노티안경 연신내점,7302200909,,,,192863.590182826,457535.494073808,2026-05-15 22:54:03,I,11,영업,,,기타수질오염원관리,2021-07-02 15:47:46,2021-07-02,,서울특별시 은평구 갈현동 395-24 1층,311000025202100072,3110000,,,,"서울특별시 은평구 통일로 865, 1층 (갈현동)",03330,,01,영업/정상,,,02-383-2577,
예스안경,1101584733,,,,193422.193273181,460413.01992851,2026-05-15 22:54:04,I,11,영업,,,기타수질오염원관리,2021-07-02 15:47:47,2021-07-02,,서울특별시 은평구 진관동 13 은평뉴타운상림마을 708동 112호,311000025202100073,3110000,,,,"서울특별시 은평구 진관4로 47, 708동 112호 (진관동, 은평뉴타운상림마을)",03303,,01,영업/정상,,,02-775-6000,
명품안경,1361370877,,,,192453.775146373,455222.314775578,2026-05-15 22:54:04,I,11,영업,,,기타수질오염원관리,2021-07-02 15:47:47,2021-07-02,,서울특별시 은평구 역촌동 85-41 리더스파크 106호,311000025202100074,3110000,,,,"서울특별시 은평구 연서로 1, 106호 (역촌동, 리더스파크)",03421,,01,영업/정상,,,02-386-3338,
글라스타 응암점,4950301377,,,,,,2026-05-15 22:54:04,I,11,영업,,,기타수질오염원관리,2021-07-02 15:47:48,2021-07-02,,서울특별시 은평구 응암동 427-53 1층,311000025202100075,3110000,,,,"서울특별시 은평구 응암로 258, 1층 (응암동)",03466,,01,영업/정상,,,02-3157-5105,
김진치과의원,1119607553,,,,193742.001500861,456507.962724869,2026-05-15 22:54:04,I,11,영업,,,기타수질오염원관리,2021-12-09 15:46:12,2021-12-09,,서울특별시 은평구 불광동 281-108 2층,311000025202100077,3110000,,,,"서울특별시 은평구 통일로 732, 2층 (불광동)",03368,,01,영업/정상,,,02-352-4374,
봄안경,5833501243,,,,192250.477590297,456749.24149003,2026-05-15 22:54:04,I,11,영업,,,기타수질오염원관리,2022-07-11 17:38:30,2022-07-11,,서울특별시 은평구 구산동 199-2 강산빌딩,311000025202200002,3110000,,,,"서울특별시 은평구 서오릉로 183, 강산빌딩 1층 (구산동)",03410,,01,영업/정상,,,02-308-7770,
GCO 안경 수색점,3300803001,,,,191064.019644654,453147.707700463,2026-05-15 22:54:03,I,11,영업,,,기타수질오염원관리,2024-05-07 16:35:56,2022-08-02,,서울특별시 은평구 수색동 30-2 DMC SK뷰 112호,311000025202200003,3110000,,,,"서울특별시 은평구 수색로 216, 112호 (수색동, DMC SK뷰)",03505,,01,영업/정상,,,02-3152-7778,
리얼오디오,1101943797,,,,193021.431799846,455306.728152513,2026-05-15 22:54:04,I,11,영업,,,기타수질오염원관리,2022-08-02 10:45:29,2022-08-02,,서울특별시 은평구 응암동 109-2 웨스트원 응암 302호,311000025202200004,3110000,,,,"서울특별시 은평구 응암로 321, 웨스트원 응암 3층 302호 (응암동)",03454,,01,영업/정상,,,02-391-2231,
수수안경,2924300867,,,,192306.817520091,454439.841357722,2026-05-15 22:54:03,I,11,영업,,,기타수질오염원관리,2022-08-02 11:16:48,2022-08-02,,서울특별시 은평구 신사동 335-8 1층,311000025202200005,3110000,,,,"서울특별시 은평구 증산로 403, 1층 (신사동)",03442,,01,영업/정상,,,02-3152-0509,
김혜옥 내과,1119615164,,,,192610.988662068,454303.346183836,2026-05-15 22:53:54,I,11,영업,,,기타수질오염원관리,2020-04-17 09:53:23,1998-09-23,,서울특별시 은평구 응암동 577-40,311000025199800005,3110000,,,,,,,01,영업/정상,,,02-303-0022,
서부성모의원,1119608625,,,,193936.125681025,456673.805557751,2026-05-15 22:53:54,I,11,영업,,,기타수질오염원관리,2008-05-13 11:52:46,1998-09-02,,서울특별시 은평구 불광동 554-1,311000025199800006,3110000,,,,,,,01,영업/정상,,,02-385-9730,
은평자동차공업사,1100790472,,,,191755.362694377,457167.90207071,2026-05-15 22:53:54,I,11,영업,,,기타수질오염원관리,2014-11-12 17:32:28,2000-12-19,,서울특별시 은평구 갈현동 326-14,311000025200000001,3110000,,,,서울특별시 은평구 서오릉로 250 (갈현동),,,01,영업/정상,,,,
신흥자동차공업사,,,자동차 종합 수리업,,,,2026-05-15 22:53:54,I,11,영업,0,,기타수질오염원관리,2001-05-02 14:00:26,2001-05-02,122-941,서울특별시 은평구 증산동 223-3,311000025200100001,3110000,자동차도장,0,,,,,01,영업/정상,,,,자동차 종합 수리업
대왕자동차공업사,,,자동차 전문 수리업,,,,2026-05-15 22:53:54,I,11,영업,0,,기타수질오염원관리,2001-05-02 14:10:07,2001-05-02,122-941,서울특별시 은평구 증산동 223-6,311000025200100002,3110000,,0,,,,,01,영업/정상,,,02-372-9825,자동차 전문 수리업
은평권역공영차고지,1058168527,,,,189809.444580946,454489.310071304,2026-05-15 22:53:54,I,11,영업,,,기타수질오염원관리,2026-01-23 13:46:19,2001-05-02,,서울특별시 은평구 수색동 414-1 시내버스 공영차고지,311000025200100007,3110000,,,,"서울특별시 은평구 수색로24길 19, 시내버스 공영차고지 (수색동)",03486,,01,영업/정상,,,02-308-5483,
서정태정형외과의원,,,,,,,2026-05-15 22:53:54,I,11,영업,0,,기타수질오염원관리,2003-07-14 15:58:51,2003-07-14,122-923,서울특별시 은평구 응암동 578-16,311000025200300002,3110000,,0,,,,,01,영업/정상,,,,
서정태정형외과의원,,,,,,,2026-05-15 22:53:54,I,11,영업,0,,기타수질오염원관리,2003-07-14 16:02:23,2003-07-14,122-923,서울특별시 은평구 응암동 578-16,311000025200300003,3110000,,0,,,,,01,영업/정상,,,,
대항외과의원,,,,,193631.22181057,455504.095982038,2026-05-15 22:53:54,I,11,영업,0,,기타수질오염원관리,2003-10-23 10:46:27,2003-10-23,122-835,서울특별시 은평구 녹번동 197,311000025200300006,3110000,,0,,,,,01,영업/정상,,,,
쉬즈산부인과의원,,,,,,,2026-05-15 22:53:54,I,11,영업,0,,기타수질오염원관리,2003-12-05 12:30:09,2003-12-05,122-923,서울특별시 은평구 응암동 578-49,311000025200300008,3110000,,0,,,,,01,영업/정상,,,,
한마음동물병원,1100819710,,,,191993.241663672,455411.934758025,2026-05-15 22:54:04,I,11,영업,,,기타수질오염원관리,2023-12-01 16:29:11,2003-04-08,,서울특별시 은평구 신사동 9-34,311000025200300058,3110000,,,,서울특별시 은평구 갈현로 35 (신사동),,,01,영업/정상,,,02-355-7931,
예일재활의학과의원,,,,,,,2026-05-15 22:53:54,I,11,영업,0,,기타수질오염원관리,2004-01-09 15:28:47,2004-01-09,122-882,서울특별시 은평구 신사동 22-37   동진빌딩2층,311000025200400001,3110000,,0,,,,,01,영업/정상,,,,
연세노블병원,1109091298,,병원,,,,2026-05-15 22:53:54,I,11,영업,0,,기타수질오염원관리,2004-03-27 16:47:04,2004-03-27,122-834,서울특별시 은평구 녹번동,311000025200400003,3110000,,0,,,,,01,영업/정상,,,,병원
은평하나의원,1119046739,,의원,,,,2026-05-15 22:53:54,I,11,영업,0,,기타수질오염원관리,2004-05-21 17:43:57,2004-05-21,122-813,서울특별시 은평구 갈현동,311000025200400010,3110000,,0,,,,,01,영업/정상,,,,의원
독도동물병원,,,,,,,2026-05-15 22:53:51,I,11,영업,0,,기타수질오염원관리,2004-06-01 10:38:08,2004-06-01,122-905,서울특별시 은평구 응암동,311000025200400012,3110000,,0,,,,,01,영업/정상,,,,
대항외과의원,,,병원,,,,2026-05-15 22:53:51,I,4,폐쇄,0,,기타수질오염원관리,2004-06-17 11:39:53,2004-06-17,122-835,서울특별시 은평구 녹번동,311000025200400013,3110000,,0,,,,,04,취소/말소/만료/정지/중지,,,,병원
중앙학문외과의원,1109103127,,병원,,,,2026-05-15 22:53:51,I,11,영업,0,,기타수질오염원관리,2005-03-24 16:27:00,2005-03-24,122-837,서울특별시 은평구 대조동,311000025200400016,3110000,,0,,,,,01,영업/정상,,,,병원
서울병원,,,,,193814.576026954,456279.905534701,2026-05-15 22:53:51,I,11,영업,,,기타수질오염원관리,2019-02-20 12:46:00,2004-10-27,,서울특별시 은평구 대조동 15-123,311000025200400021,3110000,,,,,,,01,영업/정상,,,,
최내과의원,1109127532,,,,191963.816071647,453604.244589995,2026-05-15 22:53:51,I,11,영업,,,기타수질오염원관리,2025-12-09 17:37:49,2004-12-18,,서울특별시 은평구 증산동 168-3 외1필지 평산빌딩2층201호,311000025200400022,3110000,,,,,,,01,영업/정상,,,,
김영환내과의원,,,,,194140.340023169,455375.622755975,2026-05-15 22:53:51,I,11,영업,,,기타수질오염원관리,2017-09-04 17:58:42,2005-01-12,,서울특별시 은평구 응암동 1-12 (2층),311000025200500001,3110000,,,,"서울특별시 은평구 은평로 219, 2층 (응암동)",03461,,01,영업/정상,,,,
우리신경외과,4169003203,,,,192384.710480558,456753.39995996,2026-05-15 22:53:51,I,11,영업,,,기타수질오염원관리,2025-12-09 17:37:50,2005-02-22,,서울특별시 은평구 갈현동 469-1 5(2층),311000025200500007,3110000,,,,,,,01,영업/정상,,,,
예스플러스동물병원,1109125043,,,,193917.79591497,456163.763992789,2026-05-15 22:53:51,I,11,영업,0,,기타수질오염원관리,2005-02-23 14:02:21,2005-02-23,122-831,서울특별시 은평구 녹번동 117-88 (1층),311000025200500008,3110000,,0,,,,,01,영업/정상,,,,
김성우내과의원,,,,,192840.990110586,457336.571190515,2026-05-15 22:53:51,I,4,폐쇄,,,기타수질오염원관리,2017-04-04 10:05:03,2005-03-03,,서울특별시 은평구 갈현동 456-36,311000025200500009,3110000,,,,,,,04,취소/말소/만료/정지/중지,,,,
(주)벤탈코리아,1088157204,,,,,,2026-05-15 22:53:51,I,11,영업,,,기타수질오염원관리,2007-12-27 10:36:55,2005-03-15,,서울특별시 은평구 응암동 112 (응암역 구내),311000025200500013,3110000,,,,,,,01,영업/정상,,,,
연세열린의원,1189019645,,일반 병원,,191912.854541741,453505.658147509,2026-05-15 22:53:52,I,11,영업,,,기타수질오염원관리,2022-09-05 10:56:15,2005-05-31,122-935,서울특별시 은평구 증산동 169-35 청록빌딩2층,311000025200500023,3110000,,,,,,,01,영업/정상,,,,일반 병원
박해문의원,1109138801,,일반 의원,,193804.538439779,456547.068499751,2026-05-15 22:53:52,I,11,영업,0,,기타수질오염원관리,2005-09-26 16:42:58,2005-09-26,122-858,서울특별시 은평구 불광동 281-60 (2층),311000025200500032,3110000,,0,,,,,01,영업/정상,,,,일반 의원
정우자동차공업사,,,자동차 수리업,,192504.754813401,456593.960034382,2026-05-15 22:53:53,I,11,영업,0,,기타수질오염원관리,2005-11-07 13:32:55,2005-11-07,122-819,서울특별시 은평구 구산동 2-35,311000025200500034,3110000,,0,,,,,01,영업/정상,,,,자동차 수리업
본정형외과의원,2049157383,,일반 의원,,191980.700252179,455227.374192559,2026-05-15 22:53:53,I,11,영업,0,,기타수질오염원관리,2006-01-10 09:55:32,2006-01-10,122-881,서울특별시 은평구 신사동 16-22,311000025200600001,3110000,,0,,,,,01,영업/정상,,,,일반 의원
신성칼라(주),1108135260,,,,192618.956144766,453968.777732375,2026-05-15 22:54:03,I,11,영업,,,기타수질오염원관리,2008-02-11 12:55:06,2006-03-02,,서울특별시 은평구 응암동 602-47 (2층),311000025200600003,3110000,,,,,,,01,영업/정상,,,,
한빛내과의원,1109114682,,일반 의원,,,,2026-05-15 22:53:53,I,11,영업,0,,기타수질오염원관리,2006-03-22 16:14:10,2006-03-22,122-899,서울특별시 은평구 역촌동 37-1    장원빌딩2층,311000025200600004,3110000,,0,,,,,01,영업/정상,,,,일반 의원
신흥자동차정비검사(주),,,자동차 종합 수리업,,191072.579213974,452993.797798164,2026-05-15 22:53:53,I,11,영업,0,,기타수질오염원관리,2006-04-19 09:27:06,2006-04-18,122-941,서울특별시 은평구 증산동 223-2,311000025200600005,3110000,자동차도장,0,,,,,01,영업/정상,,,,자동차 종합 수리업
신흥자동차정비검사(주),,,자동차 종합 수리업,,191072.579213974,452993.797798164,2026-05-15 22:53:53,I,11,영업,0,,기타수질오염원관리,2006-04-19 09:37:15,2006-04-18,122-941,서울특별시 은평구 증산동 223-2,311000025200600006,3110000,자동차도장,0,,,,,01,영업/정상,,,,자동차 종합 수리업
서울비뇨기과의원,1109153480,,,,192901.194776125,457313.592582707,2026-05-15 22:53:53,I,4,폐쇄,,,기타수질오염원관리,2017-01-09 17:59:03,2006-09-14,,서울특별시 은평구 대조동 198-4 8층,311000025200600009,3110000,,,,,,,04,취소/말소/만료/정지/중지,,,,
드림스튜디오,1271188291,,,,193069.847372818,455289.949040134,2026-05-15 22:53:53,I,11,영업,,,기타수질오염원관리,2009-10-14 16:26:49,2006-12-22,,서울특별시 은평구 응암동 103-35 1층 (좌2호),311000025200600012,3110000,,,,,,,01,영업/정상,,,,
늘편한내과의원,5159601111,,,,192017.924374175,455140.248754241,2026-05-15 22:53:53,I,11,영업,,,기타수질오염원관리,2022-08-29 09:59:04,2007-01-03,,서울특별시 은평구 신사동 20-8 신창빌딩 3층,311000025200700001,3110000,,,,"서울특별시 은평구 갈현로 8, 신창빌딩 3층 (신사동)",03423,,01,영업/정상,,,02-383-9138,
사진나라,1110303875,,,,193818.798979242,456308.321186721,2026-05-15 22:53:53,I,4,폐쇄,,,기타수질오염원관리,2017-02-24 15:33:33,2007-01-03,,서울특별시 은평구 대조동 15-34,311000025200700002,3110000,,,,서울특별시 은평구 통일로 709 (대조동),,,04,취소/말소/만료/정지/중지,,,02-388-7352,
신유내과의원,1109159747,,,,192898.009847781,457625.899026072,2026-05-15 22:53:53,I,11,영업,,,기타수질오염원관리,2013-04-11 17:06:18,2007-01-04,,서울특별시 은평구 불광동 484-76,311000025200700003,3110000,,,,,,,01,영업/정상,,,,
한국후지필름(주)이천일아울렛불광점,1108518594,,,,193661.732383169,456379.193899276,2026-05-15 22:53:53,I,11,영업,0,,기타수질오염원관리,2007-04-12 14:31:32,2007-04-12,122-030,서울특별시 은평구 대조동 240 지하1층,311000025200700004,3110000,,0,,,,,01,영업/정상,,,,
우리사랑의원,1119007681,,,,193629.467856025,456677.678455514,2026-05-15 22:53:58,I,11,영업,,,기타수질오염원관리,2007-10-12 11:48:57,2007-10-12,,서울특별시 은평구 불광동 267-1,311000025200700007,3110000,,,,,,,01,영업/정상,,,,
유태열,1109166215,,,,192590.88736585,454194.693989828,2026-05-15 22:53:56,I,11,영업,,,기타수질오염원관리,2007-12-17 14:29:40,2007-12-17,,서울특별시 은평구 응암동 590-4 2층,311000025200700010,3110000,,,,,,,01,영업/정상,,,,
(주)벤탈코리아,1088157204,,,,,,2026-05-15 22:53:57,I,11,영업,,,기타수질오염원관리,2007-12-26 15:37:58,2007-05-07,,서울특별시 은평구 구산동 1 (구산역 구내),311000025200700012,3110000,,,,,,,01,영업/정상,,,,
(주)벤탈코리아,1088157204,,,,,,2026-05-15 22:53:57,I,11,영업,,,기타수질오염원관리,2007-12-26 15:38:37,2007-05-07,,서울특별시 은평구 역촌동 17 (역촌역 구내),311000025200700013,3110000,,,,,,,01,영업/정상,,,,
(주)벤탈코리아,1088157204,,,,,,2026-05-15 22:53:57,I,11,영업,,,기타수질오염원관리,2007-12-26 15:39:46,2007-05-07,,서울특별시 은평구 증산동 169 (증산역 구내),311000025200700015,3110000,,,,,,,01,영업/정상,,,,
연세우리내과의원,1109185212,,,,192656.302129643,456562.163418874,2026-05-15 22:53:54,I,4,폐쇄,,,기타수질오염원관리,2017-04-04 10:05:01,2008-12-09,,서울특별시 은평구 대조동 224-24 3층,311000025200800012,3110000,,,,,,,04,취소/말소/만료/정지/중지,,,,
수화칼라,1110125083,,,,192506.256904016,457560.586397904,2026-05-15 22:53:54,I,4,폐쇄,,,기타수질오염원관리,2018-01-19 17:48:05,2008-12-30,,서울특별시 은평구 갈현동 433-7 1층,311000025200800014,3110000,,,,,,,04,취소/말소/만료/정지/중지,,,,
노블요양병원,1099044382,,,,192972.510360374,455129.703361347,2026-05-15 22:53:54,I,11,영업,,,기타수질오염원관리,2009-05-18 13:58:57,2009-05-18,,서울특별시 은평구 응암동 104-7,311000025200900005,3110000,,,,,,,01,영업/정상,,,,
한남버스(주),6328703426,,,,,,2026-05-15 22:53:54,I,11,영업,,,기타수질오염원관리,2025-08-23 14:39:37,2010-02-23,,서울특별시 은평구 진관동 36 진관공영차고지,311000025201000002,3110000,,,,"서울특별시 은평구 통일로 1190, 진관공영차고지 (진관동)",03300,,01,영업/정상,,,02-3157-4350,
조은내과,1109051224,,,,192525.783337,457505.127498581,2026-05-15 22:54:02,I,11,영업,,,기타수질오염원관리,2010-09-09 17:46:28,2010-09-08,,서울특별시 은평구 갈현동 451-2,311000025201000010,3110000,,,,,,,01,영업/정상,,,02-355-5478,
뉴타운동물병원,1101793099,,,,193103.427054842,459986.856034813,2026-05-15 22:54:01,I,4,폐쇄,,,기타수질오염원관리,2017-04-20 15:11:33,2011-12-19,,서울특별시 은평구 진관동 20 은평뉴타운상림마을 821-101,311000025201100007,3110000,,,,"서울특별시 은평구 진관3로 70 (진관동,은평뉴타운상림마을 821-101)",,,04,취소/말소/만료/정지/중지,,,02-385-8275,
포토북,1418121324,,,,190612.80959612,453436.911351726,2026-05-15 22:54:03,I,4,폐쇄,,,기타수질오염원관리,2017-08-10 11:31:21,2012-04-20,,서울특별시 은평구 수색동 366-11,311000025201200002,3110000,,,,,,,04,취소/말소/만료/정지/중지,,,070-4099-4107,
n사진관,,,,,,,2026-05-15 22:54:03,I,11,영업,,,기타수질오염원관리,2012-05-08 19:39:22,2012-05-08,,서울특별시 은평구 갈현동,311000025201200003,3110000,,,,,,,01,영업/정상,,,,
이현승내과,1119059307,,,,193138.743580345,455325.930943773,2026-05-15 22:54:03,I,11,영업,,,기타수질오염원관리,2012-05-24 17:41:33,2012-05-24,,서울특별시 은평구 응암동 98-65 은경B/D 3층,311000025201200004,3110000,,,,,,,01,영업/정상,,,,
모던기획,1100270957,,,,190936.467661347,453453.94075054,2026-05-15 22:53:59,I,4,폐쇄,,,기타수질오염원관리,2018-04-13 15:47:39,2014-02-27,,서울특별시 은평구 수색동 165-5,311000025201400001,3110000,,,,서울특별시 은평구 수색로14길 23 (수색동),,,04,취소/말소/만료/정지/중지,,,02-374-0666,
한국효요양병원,1109250646,,,,193475.567133743,455434.54525995,2026-05-15 22:54:00,I,4,폐쇄,,,기타수질오염원관리,2017-10-20 10:15:18,2014-03-03,,,311000025201400002,3110000,,,,서울특별시 은평구 은평로 170 (녹번동),,,04,취소/말소/만료/정지/중지,,,02-352-3552,
수내과,1109163635,,,,193030.130167261,455321.511069497,2026-05-15 22:54:03,I,4,폐쇄,,,기타수질오염원관리,2018-11-14 17:48:37,2015-01-23,,서울특별시 은평구 응암동 109-1,311000025201500002,3110000,,,,"서울특별시 은평구 은평로 123 (응암동, 응암아네스트)",03461,,04,취소/말소/만료/정지/중지,,,02-359-7557,
수상한사진관연신내점,1551300197,,,,192840.990110586,457336.571190515,2026-05-15 22:54:03,I,11,영업,,,기타수질오염원관리,2016-04-19 13:43:32,2016-04-19,,,311000025201600003,3110000,,,,서울특별시 은평구 연서로 219 (갈현동),03331,,01,영업/정상,,,02-352-0398,
365포토스튜디오,2100161824,,,,192635.074173108,454146.24071029,2026-05-15 22:54:03,I,4,폐쇄,,,기타수질오염원관리,2018-04-25 13:45:36,2016-08-16,,,311000025201600005,3110000,,,,서울특별시 은평구 응암로 200 (응암동),03478,,04,취소/말소/만료/정지/중지,,,02-375-0613,
노내과,,,,,193011.196493563,457309.253718808,2026-05-15 22:54:03,I,4,폐쇄,,,기타수질오염원관리,2017-05-23 14:08:28,2017-05-22,,,311000025201700001,3110000,,,,서울특별시 은평구 통일로 839 (대조동),03385,,04,취소/말소/만료/정지/중지,,,,
스톡쥬얼리,2590800476,,,,192483.279532499,454650.476836021,2026-05-15 22:54:03,I,11,영업,,,기타수질오염원관리,2017-05-24 18:10:42,2017-05-24,,,311000025201700002,3110000,,,,서울특별시 은평구 응암로21길 19-1 (응암동),03457,,01,영업/정상,,,,
구민내과의원,1109075454,,,,192096.207037701,456872.782936489,2026-05-15 22:54:03,I,11,영업,,,기타수질오염원관리,2017-07-13 17:43:47,2017-07-13,,서울특별시 은평구 갈현동 508-11 2층,311000025201700003,3110000,,,,"서울특별시 은평구 서오릉로 204 (갈현동,2층)",,,01,영업/정상,,,,
수지정형외과의원,1019074558,,,,192604.061969651,454327.478887735,2026-05-15 22:54:03,I,11,영업,,,기타수질오염원관리,2019-12-23 10:49:45,2017-12-15,,서울특별시 은평구 응암동 577-16 명남더블레스아파트2차,311000025201700005,3110000,,,,"서울특별시 은평구 응암로 215, 304호 (응암동, 명남더블레스아파트2차)",03457,,01,영업/정상,,,02-734-5114,
응암동물병원,1100699011,,,,191859.619257882,454581.328200719,2026-05-15 22:54:03,I,4,폐쇄,,,기타수질오염원관리,2018-01-15 14:21:31,2018-01-15,,서울특별시 은평구 신사동 359 현대1차아파트,311000025201800001,3110000,,,,"서울특별시 은평구 은평터널로 164 (신사동, 현대1차아파트)",03444,,04,취소/말소/만료/정지/중지,,,,
연서동물병원,1119030450,,,,192679.159197802,456765.950221384,2026-05-15 22:54:03,I,4,폐쇄,,,기타수질오염원관리,2018-01-16 16:24:11,2018-01-16,,서울특별시 은평구 대조동 223-13,311000025201800002,3110000,,,,서울특별시 은평구 연서로 162 (대조동),03388,,04,취소/말소/만료/정지/중지,,,,
유계수내과의원,,,,,192418.156629913,456728.194791612,2026-05-15 22:54:03,I,4,폐쇄,,,기타수질오염원관리,2019-05-01 10:23:30,2018-11-26,,서울특별시 은평구 갈현동 469-5,311000025201800004,3110000,,,,서울특별시 은평구 서오릉로 168 (갈현동),03336,,04,취소/말소/만료/정지/중지,,,,
서부병원,,,,,193094.466511401,455408.434327848,2026-05-15 22:54:03,I,4,폐쇄,,,기타수질오염원관리,2018-12-11 18:03:27,2018-12-11,,서울특별시 은평구 응암동 87-7,311000025201800005,3110000,,,,서울특별시 은평구 은평로 133 (응암동),03460,,04,취소/말소/만료/정지/중지,,,,
연세수내과,1109164352,,,,192901.194776125,457313.592582707,2026-05-15 22:54:04,I,11,영업,,,기타수질오염원관리,2019-03-04 18:03:11,2019-03-04,,서울특별시 은평구 대조동 198-4 유니온빌딩,311000025201900003,3110000,,,,"서울특별시 은평구 연서로 222, 유니온빌딩 (대조동)",03385,,01,영업/정상,,,02-384-7574,
정원의원,1109046075,,,,192489.657662728,457501.092820933,2026-05-15 22:54:04,I,11,영업,,,기타수질오염원관리,2020-04-03 11:19:56,2020-04-03,,서울특별시 은평구 갈현동 449-4,311000025202000002,3110000,,,,서울특별시 은평구 갈현로 255 (갈현동),03321,,01,영업/정상,,,02-386-8051,
수앤미치과의원,1109149555,,,,192111.911925208,456865.77050679,2026-05-15 22:54:03,I,11,영업,,,기타수질오염원관리,2020-09-02 11:09:18,2020-09-02,,서울특별시 은평구 갈현동 508-5,311000025202000005,3110000,,,,"서울특별시 은평구 서오릉로 202, 3층 (갈현동)",03325,,01,영업/정상,,,02-383-2275,
수색연세치과의원,1119004914,,,,192345.084461084,455135.883123092,2026-05-15 22:54:03,I,11,영업,,,기타수질오염원관리,2020-09-18 17:22:33,2020-09-18,,서울특별시 은평구 신사동 22-37 안건빌딩,311000025202000007,3110000,,,,"서울특별시 은평구 은평로 56, 안건빌딩 3층 (신사동)",03449,,01,영업/정상,,,,
민마취통증의학과의원,1109178273,,일반 의원,,193649.044990321,456508.567801964,2026-05-15 22:54:03,I,11,영업,,,기타수질오염원관리,2020-11-02 10:22:28,2020-11-02,,서울특별시 은평구 대조동 12-32 상일빌딩 3층,311000025202000015,3110000,,,,"서울특별시 은평구 통일로67길 3  (대조동,상일빌딩 3층)",,,01,영업/정상,,,,일반 의원
한사랑의원,1199000566,,,,,,2026-05-15 22:54:04,I,11,영업,,,기타수질오염원관리,2020-11-25 13:46:30,2020-11-24,,서울특별시 은평구 갈현동 451-1,311000025202000017,3110000,,,,,,,01,영업/정상,,,,
불광그랑프리안경,1100426208,,,,194002.701726955,456937.542510222,2026-05-15 22:54:04,I,11,영업,,,기타수질오염원관리,2024-12-23 09:04:47,2021-06-03,,서울특별시 은평구 불광동 631-1 대호프라자아파트 106호,311000025202100001,3110000,,,,"서울특별시 은평구 불광로 90, 106호 (불광동, 대호프라자아파트)",03364,,01,영업/정상,,,02-3157-0001,
안경마을응암점,2100256177,,,,193394.393063076,455415.602580264,2026-05-15 22:54:04,I,11,영업,,,기타수질오염원관리,2021-06-03 11:12:07,2021-06-03,,서울특별시 은평구 응암동 96-19 삼영N-CITY 1호,311000025202100002,3110000,,,,"서울특별시 은평구 은평로 164, 1층 1호 (응암동, 삼영N-CITY)",03462,,01,영업/정상,,,,
아이글라스,1112486298,,,,192774.017535072,457907.839662781,2026-05-15 22:54:04,I,11,영업,,,기타수질오염원관리,2021-06-03 11:12:13,2021-06-03,,서울특별시 은평구 갈현동 412-10 1층,311000025202100003,3110000,,,,"서울특별시 은평구 통일로87길 8, 1층 (갈현동)",03328,,01,영업/정상,,,02-354-8858,
다비치안경불광점,1101651170,,,,193815.003892284,456401.253507205,2026-05-15 22:54:04,I,11,영업,,,기타수질오염원관리,2021-06-03 11:12:18,2021-06-03,,"서울특별시 은평구 불광동 281-174 1, 2층",311000025202100004,3110000,,,,"서울특별시 은평구 통일로 716-1, 1,2 층 (불광동)",03368,,01,영업/정상,,,02-352-7804,
그랑프리안경응암오거리점,1101548872,,,,192483.06821132,454308.740814438,2026-05-15 22:54:04,I,11,영업,,,기타수질오염원관리,2021-06-03 11:12:23,2021-06-03,,서울특별시 은평구 응암동 585-17,311000025202100005,3110000,,,,서울특별시 은평구 가좌로 243 (응암동),03484,,01,영업/정상,,,02-308-1254,
아토안경,1331367183,,,,192602.101746852,456409.527604029,2026-05-15 22:54:04,I,11,영업,,,기타수질오염원관리,2021-06-03 11:12:28,2021-06-03,,서울특별시 은평구 역촌동 7-4 은성빌딩 1층,311000025202100006,3110000,,,,"서울특별시 은평구 연서로 126, 은성빌딩 1층 (역촌동)",03399,,01,영업/정상,,,070-4131-3591,
안경박사녹십자안경,1113350910,,,,191545.050373675,453244.229758597,2026-05-15 22:54:04,I,11,영업,,,기타수질오염원관리,2021-06-03 11:12:33,2021-06-03,,서울특별시 은평구 증산동 184-9 대현상가 마-1 26/4,311000025202100007,3110000,,,,"서울특별시 은평구 증산로3길 12, 증산시장 (증산동)",03500,,01,영업/정상,,,02-308-1724,
에이클럽안경콘택트,1114505854,,,,192015.395820297,455954.442402326,2026-05-15 22:54:04,I,11,영업,,,기타수질오염원관리,2021-06-03 11:12:37,2021-06-03,,서울특별시 은평구 역촌동 54-1,311000025202100008,3110000,,,,서울특별시 은평구 갈현로 89 (역촌동),03430,,01,영업/정상,,,02-358-4772,
나래안경,1101534403,,,,193795.322118405,456539.470407929,2026-05-15 22:54:04,I,11,영업,,,기타수질오염원관리,2021-06-03 11:12:42,2021-06-03,,서울특별시 은평구 불광동 281-74,311000025202100009,3110000,,,,서울특별시 은평구 불광로 42 (불광동),03368,,01,영업/정상,,,02-357-0013,
에스엠안경,1101083613,,,,192674.132684249,454664.166810326,2026-05-15 22:54:04,I,11,영업,,,기타수질오염원관리,2021-06-03 11:12:46,2021-06-03,,서울특별시 은평구 응암동 124-17 외환은행,311000025202100010,3110000,,,,"서울특별시 은평구 응암로 247, 외환은행 (응암동)",03456,,01,영업/정상,,,02-382-1001,
안경공화국,1080985932,,,,193629.467856025,456677.678455514,2026-05-15 22:54:04,I,11,영업,,,기타수질오염원관리,2022-08-22 09:45:58,2021-06-03,,서울특별시 은평구 불광동 267-1 1층,311000025202100011,3110000,,,,"서울특별시 은평구 통일로 750, 1층 (불광동)",03355,,01,영업/정상,,,02-353-1003,
글라스온안경 연신내점,1101793032,,,,192793.958167899,457377.9143983,2026-05-15 22:54:04,I,11,영업,,,기타수질오염원관리,2024-04-23 13:31:35,2021-06-03,,서울특별시 은평구 갈현동 455-20,311000025202100012,3110000,,,,"서울특별시 은평구 연서로29길 7-2, 1층 (갈현동)",03331,,01,영업/정상,,,02-387-7223,
클리어안경콘택트,1100971483,,,,191980.642590682,455371.996640012,2026-05-15 22:54:04,I,11,영업,,,기타수질오염원관리,2021-06-03 11:13:01,2021-06-03,,서울특별시 은평구 신사동 9-24 신사코아아파트 104호,311000025202100013,3110000,,,,"서울특별시 은평구 갈현로 29, 104호 (신사동, 신사코아아파트)",03435,,01,영업/정상,,,02-359-6378,
타임안경,1101475563,,,,192831.890771242,457944.191911493,2026-05-15 22:54:04,I,11,영업,,,기타수질오염원관리,2021-06-03 11:13:06,2021-06-03,,서울특별시 은평구 갈현동 392-5,311000025202100014,3110000,,,,"서울특별시 은평구 통일로 905, 1층 (갈현동)",03328,,01,영업/정상,,,02-354-0011,
안경나라,1101499603,,,,192810.07354614,457905.061908856,2026-05-15 22:54:04,I,11,영업,,,기타수질오염원관리,2021-06-03 11:13:11,2021-06-03,,서울특별시 은평구 갈현동 392-9,311000025202100015,3110000,,,,"서울특별시 은평구 통일로87길 4, 1층 (갈현동)",03328,,01,영업/정상,,,02-388-6911,
영보안경,1114612522,,,,192043.165360095,455100.215133752,2026-05-15 22:54:04,I,11,영업,,,기타수질오염원관리,2021-06-03 11:13:16,2021-06-03,,서울특별시 은평구 신사동 20-4,311000025202100016,3110000,,,,서울특별시 은평구 은평로 25 (신사동),03423,,01,영업/정상,,,02-383-0516,
바라보다,4500600212,,,,,,2026-05-15 22:54:04,I,11,영업,,,기타수질오염원관리,2021-06-03 11:13:20,2021-06-03,,서울특별시 은평구 진관동 70 메트로프라자 101~1호,311000025202100017,3110000,,,,"서울특별시 은평구 진관2로 15-46, 메트로프라자 101~102호 (진관동)",03306,,01,영업/정상,,,,
글라스벤안경원,4045300396,,,,192542.085558367,456642.166918128,2026-05-15 22:54:04,I,11,영업,,,기타수질오염원관리,2021-06-03 11:13:25,2021-06-03,,서울특별시 은평구 갈현동 465-16,311000025202100018,3110000,,,,"서울특별시 은평구 서오릉로 152, 1층 (갈현동)",03336,,01,영업/정상,,,,
아이캡슐안경원,1110149498,,,,191984.47539716,454865.072075763,2026-05-15 22:54:04,I,11,영업,,,기타수질오염원관리,2021-06-03 11:13:29,2021-06-03,,서울특별시 은평구 신사동 30-10 1층,311000025202100019,3110000,,,,"서울특별시 은평구 가좌로 318, 1층 (신사동)",03451,,01,영업/정상,,,,
내 마음에 든 안경,1101030718,,,,192485.829636244,457426.643844741,2026-05-15 22:54:04,I,11,영업,,,기타수질오염원관리,2021-06-03 11:13:34,2021-06-03,,서울특별시 은평구 갈현동 451-13 1층,311000025202100020,3110000,,,,"서울특별시 은평구 갈현로 250, 1층 (갈현동)",03331,,01,영업/정상,,,,
다비치 안경원,1101580630,,,,193125.267795154,457168.575653346,2026-05-15 22:54:03,I,11,영업,,,기타수질오염원관리,2021-06-11 08:54:31,2021-06-11,,"서울특별시 은평구 대조동 187-1 1, 2층",311000025202100021,3110000,,,,"서울특별시 은평구 통일로 821, 1, 2층 (대조동)",03385,,01,영업/정상,,,,
빠리안경,1114614442,,,,192261.709478994,454530.675025092,2026-05-15 22:54:03,I,11,영업,,,기타수질오염원관리,2021-06-11 08:54:34,2021-06-11,,서울특별시 은평구 신사동 335-36 1층,311000025202100022,3110000,,,,"서울특별시 은평구 가좌로 275-1, 1층 (신사동)",03442,,01,영업/정상,,,,
엘림안경,1101475348,,,,192026.412014375,455494.559012821,2026-05-15 22:54:03,I,11,영업,,,기타수질오염원관리,2021-06-11 08:54:34,2021-06-11,,서울특별시 은평구 신사동 7-4 1층,311000025202100023,3110000,,,,"서울특별시 은평구 갈현로 44, 1층 (신사동)",03422,,01,영업/정상,,,,
삼성안경프라자,1101016040,,,,190648.995217639,453385.382719846,2026-05-15 22:54:03,I,11,영업,,,기타수질오염원관리,2021-06-11 08:54:35,2021-06-11,,서울특별시 은평구 수색동 368-6 1층,311000025202100024,3110000,,,,"서울특별시 은평구 수색로 266-1, 1층 (수색동)",03489,,01,영업/정상,,,,
아이피아 롯데몰 은평점,5371301059,,,,192694.92374224,459461.236119623,2026-05-15 22:54:03,I,11,영업,,,기타수질오염원관리,2021-06-11 08:54:36,2021-06-11,,서울특별시 은평구 진관동 63 롯데몰 은평점1층 아이피아안경,311000025202100025,3110000,,,,"서울특별시 은평구 통일로 1050, 롯데몰 은평점 1층 (진관동)",03306,,01,영업/정상,,,69755136,
트랜디카안경,1101287248,,,,192017.924374175,455140.248754241,2026-05-15 22:54:03,I,11,영업,,,기타수질오염원관리,2023-01-31 11:04:33,2021-06-11,,서울특별시 은평구 신사동 20-8 신창빌딩 101호,311000025202100026,3110000,,,,"서울특별시 은평구 갈현로 8, 신창빌딩 101호 (신사동)",03423,,01,영업/정상,,,,
그안,1102037952,,,,192543.244776919,453976.545816328,2026-05-15 22:54:03,I,11,영업,,,기타수질오염원관리,2021-06-11 08:54:37,2021-06-11,,서울특별시 은평구 응암동 598-26 1층,311000025202100027,3110000,,,,"서울특별시 은평구 응암로 179, 1층 (응암동)",03485,,01,영업/정상,,,,
1001 안경콘택트 (은평구청점),1100423837,,,,193780.199552365,455421.910310391,2026-05-15 22:54:03,I,11,영업,,,기타수질오염원관리,2021-06-11 08:54:38,2021-06-11,,서울특별시 은평구 응암동 74-6,311000025202100028,3110000,,,,서울특별시 은평구 은평로 204 (응암동),03472,,01,영업/정상,,,,
아이마트 안경 렌즈타운 구산점,1180366037,,,,192584.639355994,456538.922729473,2026-05-15 22:54:03,I,11,영업,,,기타수질오염원관리,2021-06-11 08:54:39,2021-06-11,,서울특별시 은평구 구산동 1-1 1층,311000025202100029,3110000,,,,"서울특별시 은평구 연서로 137, 1층 (구산동)",03412,,01,영업/정상,,,,
마임안경원,1132138016,,,,193098.510716617,457413.485554704,2026-05-15 22:54:03,I,11,영업,,,기타수질오염원관리,2024-02-21 16:25:30,2021-06-11,,서울특별시 은평구 불광동 308-10 타워크리닉,311000025202100031,3110000,,,,"서울특별시 은평구 연서로 246, 타워크리닉 103호 (불광동)",03350,,01,영업/정상,,,,
글라스(GLASS) 988,5393900298,,,,192812.253774617,459266.981388393,2026-05-15 22:54:03,I,11,영업,,,기타수질오염원관리,2021-06-11 08:54:41,2021-06-11,,서울특별시 은평구 진관동 72 드림스퀘어 104호,311000025202100032,3110000,,,,"서울특별시 은평구 진관2로 29-21, 드림스퀘어 104호 (진관동)",03306,,01,영업/정상,,,,
공공안경타운,1100384496,,,,192606.765708866,454040.039367919,2026-05-15 22:54:03,I,11,영업,,,기타수질오염원관리,2021-06-11 08:54:41,2021-06-11,,서울특별시 은평구 응암동 601-65,311000025202100033,3110000,,,,서울특별시 은평구 응암로 188 (응암동),03478,,01,영업/정상,,,,
클락글라스,1115209519,,,,193177.15490721,455343.762343579,2026-05-15 22:54:03,I,11,영업,,,기타수질오염원관리,2022-12-01 14:05:00,2021-06-11,,서울특별시 은평구 응암동 98-50,311000025202100034,3110000,,,,서울특별시 은평구 은평로 142 (응암동),03462,,01,영업/정상,,,,
1001안경콘택트응암점,1100869374,,,,192638.550004963,454206.883795033,2026-05-15 22:54:03,I,11,영업,,,기타수질오염원관리,2021-06-11 08:54:43,2021-06-11,,서울특별시 은평구 응암동 576-48,311000025202100035,3110000,,,,서울특별시 은평구 응암로 204 (응암동),03470,,01,영업/정상,,,,
아프리카안경(롯데은평점),1160668966,,,,192694.92374224,459461.236119623,2026-05-15 22:54:03,I,11,영업,,,기타수질오염원관리,2021-06-16 17:31:40,2021-06-16,,서울특별시 은평구 진관동 63 롯데몰 은평점 3층,311000025202100036,3110000,,,,"서울특별시 은평구 통일로 1050, 롯데몰 은평점 3층 (진관동)",03306,,01,영업/정상,,,69755307,
이노티안경구파발점,8610500962,,,,,,2026-05-15 22:54:03,I,11,영업,,,기타수질오염원관리,2021-06-16 17:31:41,2021-06-16,,서울특별시 은평구 진관동 100-6 메이플카운티2차 1층 118호,311000025202100037,3110000,,,,"서울특별시 은평구 진관2로 12, 메이플카운티2차 1층 118호 (진관동)",03311,,01,영업/정상,,,,
안경진정성(녹번점),5160101874,,,,193914.648457333,455188.446841774,2026-05-15 22:54:03,I,11,영업,,,기타수질오염원관리,2021-06-16 17:31:42,2021-06-16,,서울특별시 은평구 응암동 769 녹번역e편한세상캐슬 A동 101호,311000025202100038,3110000,,,,"서울특별시 은평구 은평로 220, A동 101호 (응암동, 녹번역e편한세상캐슬)",03472,,01,영업/정상,,,,
안경을쓰다 역촌역점,1101454488,,,,193117.595814664,456046.404115632,2026-05-15 22:54:03,I,11,영업,,,기타수질오염원관리,2021-06-16 17:31:42,2021-06-16,,서울특별시 은평구 대조동 179-36 1층,311000025202100039,3110000,,,,"서울특별시 은평구 진흥로 111, 1층 (대조동)",03395,,01,영업/정상,,,,
으뜸플러스안경,3135900388,,,,193730.546135843,456556.71682307,2026-05-15 22:54:03,I,11,영업,,,기타수질오염원관리,2021-06-16 17:31:43,2021-06-16,,서울특별시 은평구 불광동 274-10 2층,311000025202100040,3110000,,,,"서울특별시 은평구 불광로 37, 2층 (불광동)",03358,,01,영업/정상,,,,
밝은세상안경,1114026039,,,,192646.05855542,453988.602614144,2026-05-15 22:54:03,I,11,영업,,,기타수질오염원관리,2021-06-16 17:31:44,2021-06-16,,서울특별시 은평구 응암동 601-58,311000025202100041,3110000,,,,서울특별시 은평구 응암로12길 5-1 (응암동),03478,,01,영업/정상,,,,
으뜸플러스안경(응암점),4832701104,,,,192891.407636162,455281.839111425,2026-05-15 22:54:03,I,11,영업,,,기타수질오염원관리,2021-06-16 17:31:44,2021-06-16,,서울특별시 은평구 응암동 110-57 1층 우측 일부,311000025202100042,3110000,,,,"서울특별시 은평구 은평로 112, 1층 (응암동)",03454,,01,영업/정상,,,,
투리스 안경,1114135573,,,,192568.33644394,457529.375616995,2026-05-15 22:54:03,I,11,영업,,,기타수질오염원관리,2021-06-16 17:31:45,2021-06-16,,서울특별시 은평구 갈현동 432-15,311000025202100043,3110000,,,,서울특별시 은평구 연서로29길 36 (갈현동),03330,,01,영업/정상,,,,
안경매니아,6553300870,,,,193914.648457333,455188.446841774,2026-05-15 22:54:04,I,11,영업,,,기타수질오염원관리,2021-06-16 17:31:46,2021-06-16,,서울특별시 은평구 응암동 769 녹번역e편한세상캐슬 B동 128호,311000025202100044,3110000,,,,"서울특별시 은평구 은평로 220, B동 128호 (응암동, 녹번역e편한세상캐슬)",03472,,01,영업/정상,,,,
오웰안경(증산점),8430202340,,,,191640.211082375,453446.722064174,2026-05-15 22:54:04,I,11,영업,,,기타수질오염원관리,2021-10-06 10:02:07,2021-06-16,,서울특별시 은평구 증산동 209-5 1층,311000025202100045,3110000,,,,"서울특별시 은평구 증산서길 75, 1층 (증산동)",03493,,01,영업/정상,,,,
라인안경콘택트,1101512336,,,,192644.619468849,455218.08657864,2026-05-15 22:54:04,I,11,영업,,,기타수질오염원관리,2021-06-16 17:31:47,2021-06-16,,서울특별시 은평구 응암동 111-15 1층,311000025202100046,3110000,,,,"서울특별시 은평구 은평로 86, 1층 (응암동)",03453,,01,영업/정상,,,,
파르베안경원,1101323936,,,,193661.732383169,456379.193899276,2026-05-15 22:54:04,I,11,영업,,,기타수질오염원관리,2021-06-16 17:31:48,2021-06-16,,서울특별시 은평구 대조동 240 NC백화점 지하1층,311000025202100047,3110000,,,,"서울특별시 은평구 불광로 20, NC백화점 지하1층 (대조동)",03397,,01,영업/정상,,,,
그레이스안경콘택트,1070218348,,,,192331.396306637,457122.293583662,2026-05-15 22:54:04,I,11,영업,,,기타수질오염원관리,2021-06-16 17:31:48,2021-06-16,,서울특별시 은평구 갈현동 505-6 썬버드빌딩 1층,311000025202100048,3110000,,,,"서울특별시 은평구 갈현로 213, 썬버드빌딩 1층 (갈현동)",03324,,01,영업/정상,,,,
다비치안경 응암이마트옆점,4290101357,,,,192754.063847027,455293.095287211,2026-05-15 22:54:04,I,11,영업,,,기타수질오염원관리,2022-12-01 14:04:59,2021-06-16,,서울특별시 은평구 응암동 91-1,311000025202100049,3110000,,,,서울특별시 은평구 은평로 99 (응암동),03461,,01,영업/정상,,,,
수색이마트안경,3150352814,,,2026-03-31,190977.850603548,453037.787995874,2026-05-15 22:54:04,I,2,폐업,,,기타수질오염원관리,2026-04-03 10:41:40,2021-06-16,,서울특별시 은평구 수색동 75 수색이마트 2층,311000025202100050,3110000,,,,"서울특별시 은평구 수색로 217 (수색동, 디엠씨 자이1단지(DMC 자이1))",03504,,03,폐업,,,,
"아이&유 안경, 콘택트",6467100510,,,,192943.276280706,456213.469152375,2026-05-15 22:54:04,I,11,영업,,,기타수질오염원관리,2025-12-01 18:00:33,2021-06-16,,서울특별시 은평구 역촌동 14-3,311000025202100051,3110000,,,,서울특별시 은평구 서오릉로 93 (역촌동),03404,,01,영업/정상,,,,
씨엔안경,1100691469,,,,192634.234878966,457493.825494944,2026-05-15 22:54:04,I,11,영업,,,기타수질오염원관리,2021-06-16 17:31:51,2021-06-16,,서울특별시 은평구 갈현동 431-9,311000025202100052,3110000,,,,서울특별시 은평구 연서로29길 30 (갈현동),03330,,01,영업/정상,,,,
으뜸플러스안경 은평뉴타운점,8933000980,,안경 소매업,,192831.901570697,459170.418887077,2026-05-15 22:54:04,I,11,영업,,,기타수질오염원관리,2022-12-01 11:21:06,2021-06-16,,서울특별시 은평구 진관동 74 휴먼프라자 I 1동 124호,311000025202100053,3110000,,,,"서울특별시 은평구 진관2로 19, 휴먼프라자 I 1동 124호 (진관동)",03306,,01,영업/정상,,,070-7818-4004,안경 소매업
크리스탈안경원,1110302158,,,,192087.613820828,456819.511144865,2026-05-15 22:54:04,I,11,영업,,,기타수질오염원관리,2021-06-16 17:31:53,2021-06-16,,서울특별시 은평구 구산동 202-3,311000025202100055,3110000,,,,서울특별시 은평구 서오릉로 201 (구산동),03426,,01,영업/정상,,,,
으뜸50안경 불광점,5894300572,,,,193612.791157753,456581.836941281,2026-05-15 22:54:04,I,11,영업,,,기타수질오염원관리,2021-06-16 17:31:54,2021-06-16,,서울특별시 은평구 대조동 5-11 Das Haus 2층 201호,311000025202100056,3110000,,,,"서울특별시 은평구 통일로 741-1, 2층 201호 (대조동, Das Haus)",03396,,01,영업/정상,,,,
글라스옵트,1101972818,,,,192419.370318465,455963.411506159,2026-05-15 22:54:03,I,11,영업,,,기타수질오염원관리,2021-07-02 09:54:03,2021-07-02,,서울특별시 은평구 역촌동 45-29,311000025202100057,3110000,,,,서울특별시 은평구 역말로 43 (역촌동),03416,,01,영업/정상,,,02-388-3003,
글라스바바(응암점),2011057973,,,,193559.071518995,455440.282316808,2026-05-15 22:54:03,I,11,영업,,,기타수질오염원관리,2024-04-29 11:21:53,2021-07-02,,서울특별시 은평구 응암동 93-5,311000025202100058,3110000,,,,"서울특별시 은평구 은평로 182, 1층 (응암동)",03471,,01,영업/정상,,,02-354-4567,
휴먼(HUMAN),1114617420,,,,192016.428177758,455098.982607732,2026-05-15 22:54:03,I,11,영업,,,기타수질오염원관리,2021-07-02 09:54:06,2021-07-02,,서울특별시 은평구 신사동 20-11 1층,311000025202100060,3110000,,,,"서울특별시 은평구 은평로 23, 1층 (신사동)",03423,,01,영업/정상,,,02-355-3848,
탑클래스안경체인(연신내점),2703401340,,,,192761.348927256,457225.218523112,2026-05-15 22:54:04,I,11,영업,,,기타수질오염원관리,2024-02-16 16:58:03,2023-03-23,,서울특별시 은평구 갈현동 460-8 보성빌딩 101호,311000025202300001,3110000,,,,"서울특별시 은평구 연서로 209, 보성빌딩 101호 (갈현동)",03333,,01,영업/정상,,,02-353-3601,
피스아이웨어 안경원,2501402293,,,,192629.11444881,454378.045422954,2026-05-15 22:54:04,I,11,영업,,,기타수질오염원관리,2023-04-26 11:06:04,2023-04-26,,서울특별시 은평구 응암동 577-4 1층,311000025202300003,3110000,,,,"서울특별시 은평구 응암로 219, 1층 (응암동)",03457,,01,영업/정상,,,02-303-7957,
아이엔비 안경원,2061956536,,,,192026.412014375,455494.559012821,2026-05-15 22:54:04,I,11,영업,,,기타수질오염원관리,2023-06-13 15:53:15,2023-06-13,,서울특별시 은평구 신사동 7-4 영암빌딩 1층,311000025202300005,3110000,,,,"서울특별시 은평구 갈현로 44, 1층 (신사동)",03422,,01,영업/정상,,,02-388-8968,
더프린트룸,5956600412,,,,193423.516418444,456685.364602464,2026-05-15 22:54:04,I,11,영업,,,기타수질오염원관리,2024-03-11 08:55:41,2024-03-11,,서울특별시 은평구 대조동 83-35,311000025202400001,3110000,,,,서울특별시 은평구 통일로71길 24-17 (대조동),03391,,01,영업/정상,,,,
으뜸50안경 녹번점,2932801788,,,,194103.35231909,455429.269425178,2026-05-15 22:53:51,I,11,영업,,,기타수질오염원관리,2024-06-25 13:37:00,2024-06-25,,서울특별시 은평구 녹번동 267,311000025202400002,3110000,,,,"서울특별시 은평구 은평로 235-1, 2층 (녹번동)",03382,,01,영업/정상,,,,
안경공장쇼룸,6328603472,,,,193821.316740319,456392.063218494,2026-05-15 22:53:51,I,11,영업,,,기타수질오염원관리,2024-09-27 09:11:47,2024-09-27,,서울특별시 은평구 불광동 281-175,311000025202400003,3110000,,,,"서울특별시 은평구 통일로 716, 1층 (불광동)",03368,,01,영업/정상,,,02-384-1861,
으뜸50안경 구산점,5471002919,,,,192654.676997588,456582.879133718,2026-05-15 22:53:51,I,11,영업,,,기타수질오염원관리,2025-12-01 18:00:36,2025-12-01,,서울특별시 은평구 대조동 224-19,311000025202500001,3110000,,,,"서울특별시 은평구 연서로 142, 2층 (대조동)",03394,,01,영업/정상,,,,
으뜸플러스안경,1487600501,,,,194085.904365779,440983.612003888,2026-05-15 03:03:03,U,5,제외사항,,,기타수질오염원관리,2026-05-14 09:26:44,2024-05-13,,서울특별시 관악구 신림동 1514-9,320000025202400006,3200000,,,,"서울특별시 관악구 호암로26길 1, 지하1층 (신림동)",08812,,05,제외/삭제/전출,,,,
수색정형외과의원,,,,,190612.80959612,453436.911351726,2026-05-15 22:53:55,I,2,폐업,,,기타수질오염원관리,2007-12-05 10:36:36,1998-08-06,,서울특별시 은평구 수색동 366-11,311000025199800003,3110000,,,,,,,03,폐업,,,,
도티기념병원,1118200664,,,,193647.968955859,455069.448360472,2026-05-15 22:53:58,I,2,폐업,,,기타수질오염원관리,2013-04-11 10:28:02,1998-07-03,,서울특별시 은평구 응암동 42-5,311000025199800012,3110000,,,,,,,03,폐업,,,,
더독동물병원,1100698292,,,,,,2026-05-15 22:53:56,I,2,폐업,,,기타수질오염원관리,2015-10-19 11:25:24,2001-11-29,,서울특별시 은평구 대조동 224-24,311000025200100009,3110000,,,,,,,03,폐업,,,,
계명스튜디오,1100427323,,,,191974.507324499,455895.102079475,2026-05-15 22:53:56,I,2,폐업,,,기타수질오염원관리,2007-12-24 16:20:39,2001-01-16,,서울특별시 은평구 역촌동 54-20,311000025200100010,3110000,,,,,,,03,폐업,,,02-387-4901,
청구성심병원,1118202809,,,,192828.601825992,457608.289925664,2026-05-15 22:54:00,I,2,폐업,,,기타수질오염원관리,2013-03-12 10:11:51,2003-09-01,,서울특별시 은평구 갈현동 395-1,311000025200300057,3110000,,,,서울특별시 은평구 통일로 873 (갈현동),,,03,폐업,,,02-385-5511,
정승기정형외과의원,,,,,,,2026-05-15 22:53:54,I,2,폐업,,,기타수질오염원관리,2007-12-11 13:41:38,2004-03-31,,서울특별시 은평구 불광동,311000025200400004,3110000,,,,,,,03,폐업,,,,
더탑동물병원,1100937919,,,,192552.996692574,455417.475888158,2026-05-15 22:53:51,I,2,폐업,,,기타수질오염원관리,2017-04-17 17:47:42,2004-06-18,,서울특별시 은평구 역촌동 36-14,311000025200400015,3110000,,,,,,,03,폐업,,,,
신사호이비인후과,1109108495,,,,,,2026-05-15 22:53:51,I,2,폐업,,,기타수질오염원관리,2013-04-08 15:53:41,2004-06-25,,서울특별시 은평구 신사동,311000025200400017,3110000,,,,,,,03,폐업,,,,
새롬성모신경외과의원,1109072573,,,,193579.117145731,456415.777324717,2026-05-15 22:53:51,I,2,폐업,,,기타수질오염원관리,2010-01-14 11:18:13,2005-01-14,,"서울특별시 은평구 대조동 12-2 (3층,4층,5층)",311000025200500002,3110000,,,,,,,03,폐업,,,02-359-8770,
(주)벤탈코리아,1088157204,,,,,,2026-05-15 22:54:03,I,2,폐업,,,기타수질오염원관리,2007-12-27 10:36:55,2005-03-15,,서울특별시 은평구 증산동 169 (증산역 구내),311000025200500011,3110000,,,,,,,03,폐업,,,,
(주)벤탈코리아,1088157204,,,,,,2026-05-15 22:53:51,I,2,폐업,,,기타수질오염원관리,2007-12-27 10:36:55,2005-03-15,,서울특별시 은평구 구산동 1 (구산역 구내),311000025200500012,3110000,,,,,,,03,폐업,,,,
(주)벤탈코리아,1088157204,,,,,,2026-05-15 22:53:51,I,2,폐업,,,기타수질오염원관리,2007-12-27 10:36:55,2005-03-15,,서울특별시 은평구 역촌동 17 (역촌역 구내),311000025200500014,3110000,,,,,,,03,폐업,,,,
튼튼동물병원,1211662449,,,,192636.223179119,455316.428545363,2026-05-15 22:54:03,I,2,폐업,,,기타수질오염원관리,2017-04-28 18:05:29,2005-04-12,,서울특별시 은평구 역촌동 43-47,311000025200500015,3110000,,,,,,,03,폐업,,,,
양전호내과의원,1109137651,,,,192868.600973071,457522.57527646,2026-05-15 22:53:52,I,2,폐업,,,기타수질오염원관리,2013-02-12 14:27:07,2005-08-26,,서울특별시 은평구 갈현동 395-7 (2층),311000025200500030,3110000,,,,,,,03,폐업,,,,
수연세재활의학과,1109150692,,,,193098.510716617,457413.485554704,2026-05-15 22:53:52,I,2,폐업,,,기타수질오염원관리,2014-11-11 17:18:46,2005-10-10,,서울특별시 은평구 불광동 308-10,311000025200500033,3110000,,,,서울특별시 은평구 연서로 246 (불광동),,,03,폐업,,,,
연세정형외과의원,1101034029,,,,193327.09243402,455395.524905366,2026-05-15 22:53:56,I,2,폐업,,,기타수질오염원관리,2007-12-24 16:19:39,2005-02-23,,서울특별시 은평구 응암동 96-29 (1-5층),311000025200500036,3110000,,,,,,,03,폐업,,,02-388-0775,
예일가정의학과의원,1119616940,,,,192584.639355994,456538.922729473,2026-05-15 22:53:53,I,2,폐업,,,기타수질오염원관리,2015-10-14 17:20:22,2006-01-23,,서울특별시 은평구 구산동 1-1 영진빌딩4층,311000025200600002,3110000,,,,,,,03,폐업,,,,
은평연세병원,1109154359,,,,192530.535974525,456583.709636542,2026-05-15 22:53:53,I,2,폐업,,,기타수질오염원관리,2008-01-22 10:48:07,2006-08-11,,서울특별시 은평구 구산동 2-36,311000025200600008,3110000,,,,,,,03,폐업,,,,
로얄동물병원,1101190071,,,,192584.639355994,456538.922729473,2026-05-15 22:53:53,I,2,폐업,,,기타수질오염원관리,2015-10-14 18:16:40,2006-11-16,,서울특별시 은평구 구산동 1-1 영진빌딩(1층),311000025200600010,3110000,,,,,,,03,폐업,,,,
김앤박마취통증의학과의원,1109152574,,,,192017.924374175,455140.248754241,2026-05-15 22:53:53,I,2,폐업,,,기타수질오염원관리,2016-01-19 11:07:56,2006-12-18,,서울특별시 은평구 신사동 20-8,311000025200600011,3110000,,,,,,,03,폐업,,,,
후지포토범서점,1101422351,,,,193035.279146132,457365.911737494,2026-05-15 22:53:58,I,2,폐업,,,기타수질오염원관리,2008-06-11 15:29:08,2007-10-05,,서울특별시 은평구 불광동 308-1,311000025200700006,3110000,,,,,,,03,폐업,,,032-345-5071,
쿨펫동물병원,1101837231,,,,193661.732383169,456379.193899276,2026-05-15 22:53:57,I,2,폐업,,,기타수질오염원관리,2016-12-05 11:13:33,2007-12-26,,서울특별시 은평구 대조동 240,311000025200700011,3110000,,,,,,,03,폐업,,,,
(주)벤탈코리아,1088157204,,,,,,2026-05-15 22:53:57,I,2,폐업,,,기타수질오염원관리,2007-12-27 10:36:10,2007-05-07,,서울특별시 은평구 응암동 112 (응암역 구내),311000025200700014,3110000,,,,,,,03,폐업,,,,
불광동물병원,1119615602,,,,193730.546135843,456556.71682307,2026-05-15 22:53:58,I,2,폐업,,,기타수질오염원관리,2014-01-20 17:53:38,2007-12-02,,서울특별시 은평구 불광동 274-10,311000025200700186,3110000,,,,서울특별시 은평구 불광로 37 (불광동),,,03,폐업,,,02-356-1656,
바른정형외과,1109174753,,,,192652.478015271,454524.979325756,2026-05-15 22:53:54,I,2,폐업,,,기타수질오염원관리,2015-10-08 09:18:38,2008-03-07,,서울특별시 은평구 응암동 578-16 2층,311000025200800003,3110000,,,,,,,03,폐업,,,02-376-7575,
드림스튜디오,,,,,192489.605932829,456690.187227174,2026-05-15 22:53:54,I,2,폐업,,,기타수질오염원관리,2008-06-30 10:04:44,2008-06-30,,서울특별시 은평구 갈현동 468-3,311000025200800007,3110000,,,,,,,03,폐업,,,,
한빛동물병원,1101647642,,,,193651.20265608,460623.370836706,2026-05-15 22:54:01,I,2,폐업,,,기타수질오염원관리,2015-07-07 18:00:23,2010-08-12,,서울특별시 은평구 진관동 5 은평뉴타운상림마을 629동 116호,311000025201000006,3110000,,,,,,,03,폐업,,,02-382-7511,
인정병원,1119616125,,,,192542.250837577,453806.882406932,2026-05-15 22:54:03,I,2,폐업,,,기타수질오염원관리,2010-10-26 10:56:36,2010-10-26,,서울특별시 은평구 응암동 603-60,311000025201000012,3110000,,,,,,,03,폐업,,,02-309-0909,
한마음의원,1119054675,,,,192199.291180785,454021.773440704,2026-05-15 22:53:58,I,2,폐업,,,기타수질오염원관리,2014-02-04 10:06:47,2010-02-02,,서울특별시 은평구 증산동 159-20,311000025201000057,3110000,,,,,,,03,폐업,,,02-353-8523,
미래건강의원,1109214276,,,,194011.976070318,457242.998929495,2026-05-15 22:54:02,I,2,폐업,,,기타수질오염원관리,2016-08-05 13:11:00,2011-06-23,,서울특별시 은평구 불광동 222-1 2층,311000025201100002,3110000,,,,,,,03,폐업,,,,
김가정의학과의원,1119618220,,,,191910.188821954,454942.95018707,2026-05-15 22:54:03,I,2,폐업,,,기타수질오염원관리,2015-06-17 18:01:43,2011-08-01,,서울특별시 은평구 신사동 19-153,311000025201100003,3110000,,,,,,,03,폐업,,,02-373-6985,
연세에덴요양병원,1109215066,,,,194047.377531025,455977.868865806,2026-05-15 22:54:03,I,2,폐업,,,기타수질오염원관리,2014-04-15 17:37:54,2011-09-28,,서울특별시 은평구 녹번동 27-6,311000025201100004,3110000,,,,,,,03,폐업,,,02-1577-5046,
로하스은평효요양병원,1109223794,,,,192761.348927256,457225.218523112,2026-05-15 22:54:03,I,2,폐업,,,기타수질오염원관리,2013-12-24 16:33:38,2012-04-18,,서울특별시 은평구 갈현동 460-8,311000025201200001,3110000,,,,서울특별시 은평구 연서로 209 (갈현동),,,03,폐업,,,02-385-2700,
세이브엠(주),1108156867,,,,192667.438048047,457480.990067897,2026-05-15 22:54:03,I,2,폐업,,,기타수질오염원관리,2016-01-20 16:52:05,2012-07-18,,서울특별시 은평구 갈현동 431-5,311000025201200005,3110000,,,,서울특별시 은평구 연서로29길 24 (갈현동),,,03,폐업,,,02-358-1591,
쿨펫동물병원 은평점,1303386990,,,,192882.837727443,455340.54056388,2026-05-15 22:54:03,I,2,폐업,,,기타수질오염원관리,2015-03-10 17:36:09,2012-12-11,,서울특별시 은평구 응암동 90-1 이마트8층,311000025201200006,3110000,,,,서울특별시 은평구 은평로 111 (응암동),,,03,폐업,,,02-356-3375,
지앤선소아청소년과의원,1109240717,,,,,,2026-05-15 22:53:59,I,2,폐업,,,기타수질오염원관리,2016-02-03 18:04:24,2013-06-14,,"서울특별시 은평구 진관동 100-4 어드밴스힐오피스텔 205, 206호",311000025201300002,3110000,,,,"서울특별시 은평구 진관1로 21-35 (진관동, 어드밴스힐오피스텔 205, 206호)",,,03,폐업,,,02-382-1175,
(의)열린의료재단 역촌열린의원,1378117461,,,,193083.765685506,455978.010581693,2026-05-15 22:53:59,I,2,폐업,,,기타수질오염원관리,2015-03-04 12:59:00,2013-07-15,,서울특별시 은평구 역촌동 17-1,311000025201300005,3110000,,,,서울특별시 은평구 진흥로 103 (역촌동),,,03,폐업,,,,
서울방사선가정의학과,1119615733,,,,192868.600973071,457522.57527646,2026-05-15 22:54:03,I,2,폐업,,,기타수질오염원관리,2016-01-22 17:34:17,2016-01-22,,,311000025201600001,3110000,,,,서울특별시 은평구 통일로 863 (갈현동),03330,,03,폐업,,,,
