사업장명,업태구분명,폐업일자,좌표X,좌표Y,데이터갱신시점,데이터갱신구분,상세영업상태코드,상세영업상태명,총면적,의료인수,입원실수,최종수정시점,인허가취소일자,인허가일자,소재지우편번호,지번주소,진료과목내용,진료과목내용명,의료기관종별명,관리번호,개방자치단체코드,도로명주소,도로명우편번호,영업상태구분코드,영업상태명,병상수,휴업시작일자,휴업종료일자,소재지전화번호
양정원한의원,한의원,2012-01-30,,,2026-04-25 22:30:23,I,03,폐업,110,1,0,2012-01-30 13:42:20,,1974-04-10,140-894,서울특별시 용산구 한남2동 794-6,301 302 303 304 305 306 307 308,"한방내과, 한방부인과, 한방소아과, 한방안·이비인후·피부과, 한방신경정신과, 한방재활의학과, 사상체질과, 침구과",한의원,PHMA119743020033041100001,3020000,,,03,폐업,0,,,
이대진내과의원,의원,2014-11-20,,,2026-04-25 22:30:23,I,03,폐업,102.2,1,0,2014-11-20 15:31:15,,1974-06-15,,서울특별시 용산구 후암동 67-3,101 113,"내과, 이비인후과",의원,PHMA119743020033041100002,3020000,,,03,폐업,0,,,
그레이스치과의원,치과의원,2020-05-27,199334.42547402,448047.593422554,2026-04-25 22:30:23,I,03,폐업,118,1,0,2023-03-24 16:55:52,,1974-09-28,,서울특별시 용산구 이태원동 119번지 4호,411 406 405 404 403 402,"구강악안면외과, 치과보철과, 치과교정과, 소아치과, 치주과, 예방치과",치과의원,PHMA119743020033041100004,3020000,"서울특별시 용산구 이태원로 173, 3층 (이태원동)",04350,03,폐업,0,,,02-794-7700
양이비인후과의원,의원,2013-12-04,,,2026-04-25 22:30:23,I,03,폐업,150,1,0,2013-12-04 13:15:29,,1975-07-11,,서울특별시 용산구 갈월동 66,113,이비인후과,의원,PHMA119753020033041100002,3020000,,,03,폐업,0,,,
한남치과의원,치과의원,2013-03-25,,,2026-04-25 22:30:23,I,03,폐업,35,1,0,2013-03-25 11:24:52,,1976-12-30,140-210,서울특별시 용산구 한남동 657-106,201 202 203 204 205 210,"구강악안면외과, 치과보철과, 치과교정과, 소아치과, 치주과, 예방치과",치과의원,PHMA119763020033041100002,3020000,,,03,폐업,0,,,
성백균치과의원,치과의원,2018-02-28,197431.710875586,449143.721978763,2026-04-25 22:30:23,I,03,폐업,89.1,1,0,2018-02-28 17:03:50,,1977-07-11,140-806,서울특별시 용산구 갈월동 85번지 3호,411 406 405 404 403 402,"구강악안면외과, 치과보철과, 치과교정과, 소아치과, 치주과, 예방치과",치과의원,PHMA119773020033041100001,3020000,서울특별시 용산구 한강대로 295 (갈월동),04321,03,폐업,0,,,
구창서치과의원,치과의원,2022-03-31,197722.571038558,446344.591216568,2026-04-25 22:30:23,I,03,폐업,66,1,0,2022-03-15 13:30:56,,1977-10-12,,서울특별시 용산구 이촌동 300번지 23호,411 405 404 403 402,"구강악안면외과, 치과보철과, 치과교정과, 소아치과, 예방치과",치과의원,PHMA119773020033041100002,3020000,"서울특별시 용산구 이촌로 248, 31동 207호 (이촌동, 한강맨션)",04426,03,폐업,0,,,02-798-1100
중앙치과의원,치과의원,2013-04-23,196940.888386852,447083.137872015,2026-04-25 22:30:23,I,03,폐업,90,1,0,2016-01-27 16:53:11,,1979-05-10,,서울특별시 용산구 한강로3가 63번지 206호,411 410 409 408 407 406 405 404 403 402,"구강악안면외과, 치과보철과, 치과교정과, 소아치과, 치주과, 치과보존과, 구강내과, 영상치의학과, 구강병리과, 예방치과",치과의원,PHMA119793020033041100001,3020000,"서울특별시 용산구 서빙고로5길 4 (한강로3가, 경희한원)",04387,03,폐업,0,,,
김석배형제한의원,한의원,2009-09-18,,,2026-04-25 22:30:23,I,03,폐업,109.4,1,0,2009-09-18 17:09:28,,1979-06-30,140-872,서울특별시 용산구 한강로2가 73-1,301 302 303 304 305 306 307 308,"한방내과, 한방부인과, 한방소아과, 한방안·이비인후·피부과, 한방신경정신과, 한방재활의학과, 사상체질과, 침구과",한의원,PHMA119793020033041100002,3020000,,,03,폐업,0,,,
용산외과의원,의원,2013-09-05,196919.617115446,447106.168036632,2026-04-25 22:30:23,I,03,폐업,176.4,1,0,2013-09-05 17:02:15,,1980-09-16,140-875,서울특별시 용산구 한강로2가 210번지 1호 신원빌딩 4층,101 104 105 111 114 115,"내과, 외과, 정형외과, 소아청소년과, 피부과, 비뇨의학과",의원,PHMA119803020033041100001,3020000,"서울특별시 용산구 서빙고로 5 (한강로2가,신원빌딩 4층)",,03,폐업,0,,,
로얄치과의원,치과의원,2016-05-31,197646.388904396,446420.759276915,2026-04-25 22:30:23,I,03,폐업,49,1,0,2016-05-25 18:32:19,,1981-06-23,140-906,서울특별시 용산구 이촌동 301번지 151호,411 406 405 404 403 402,"구강악안면외과, 치과보철과, 치과교정과, 소아치과, 치주과, 예방치과",치과의원,PHMA119813020033041100001,3020000,서울특별시 용산구 이촌로 245 (이촌동),04423,03,폐업,0,,,
조승복의원,의원,2011-02-08,,,2026-04-25 22:30:23,I,03,폐업,44.98,2,0,2011-02-09 11:25:54,,1982-02-19,,서울특별시 용산구 원효로2가 91-9,101 111 112 113 114,"내과, 소아청소년과, 안과, 이비인후과, 피부과",의원,PHMA119823020033041100001,3020000,,,03,폐업,0,,,
동원한의원,한의원,2016-10-21,196222.074680651,448559.644195097,2026-04-25 22:30:23,I,03,폐업,49.5,1,0,2016-10-20 18:01:04,,1983-06-23,140-070,서울특별시 용산구 도원동 3번지 5호,301 302 303 304 305 306 307 308,"한방내과, 한방부인과, 한방소아과, 한방안·이비인후·피부과, 한방신경정신과, 한방재활의학과, 사상체질과, 침구과",한의원,PHMA119833020033041100003,3020000,서울특별시 용산구 새창로12길 3 (도원동),04356,03,폐업,0,,,
한진치과의원,치과의원,2021-08-17,197703.314956029,450122.985851126,2026-04-25 22:30:23,I,03,폐업,62.7,1,0,2021-08-17 16:59:17,,1984-03-17,140-818,서울특별시 용산구 동자동 11번지 3호,411 406 405 404 403 402,"구강악안면외과, 치과보철과, 치과교정과, 소아치과, 치주과, 예방치과",치과의원,PHMA119843020033041100001,3020000,서울특별시 용산구 후암로 95-2 (동자동),04324,03,폐업,0,,,
이안과의원,의원,2009-02-02,,,2026-04-25 22:30:23,I,03,폐업,45,1,0,2009-02-02 17:53:03,,1984-07-02,,서울특별시 용산구 이촌동 300-23,112,안과,의원,PHMA119843020033041100002,3020000,,,03,폐업,0,,,
녹십자의원,의원,2017-12-30,200502.179579742,447861.95859763,2026-04-25 22:30:23,I,03,폐업,85,0,0,2017-12-29 16:49:51,,1984-11-07,,서울특별시 용산구 한남동 79번지 3호,108 115,"성형외과, 비뇨의학과",의원,PHMA119843020033041100004,3020000,서울특별시 용산구 대사관로 76 (한남동),04410,03,폐업,0,,,
성신이비인후과의원,의원,2013-03-04,,,2026-04-25 22:30:23,I,03,폐업,42.9,1,0,2013-03-04 16:49:17,,1985-01-10,,서울특별시 용산구 이촌동 300-153 한강맨숀 205호,113,이비인후과,의원,PHMA119853020033041100001,3020000,,,03,폐업,0,,,
신동찬산부인과의원,의원,2017-09-30,196734.132737912,447085.288934583,2026-04-25 22:30:23,I,03,폐업,198,1,0,2017-09-29 14:35:15,,1985-03-22,,서울특별시 용산구 한강로3가 40번지 141호,104 110 111,"외과, 산부인과, 소아청소년과",의원,PHMA119853020033041100002,3020000,"서울특별시 용산구 한강대로15길 12 (한강로3가, 신동찬산부인과의원)",04379,03,폐업,0,,,
문치과의원,치과의원,2010-07-02,,,2026-04-25 22:30:23,I,03,폐업,43.08,1,0,2010-07-02 17:21:54,,1985-05-02,140-190,서울특별시 용산구 후암동 105-3,201 202 203 204 205 210,"구강악안면외과, 치과보철과, 치과교정과, 소아치과, 치주과, 예방치과",치과의원,PHMA119853020033041100003,3020000,,,03,폐업,0,,,
이수찬치과의원,치과의원,2010-12-30,,,2026-04-25 22:30:23,I,03,폐업,86,1,0,2010-12-30 10:21:46,,1985-05-16,140-871,서울특별시 용산구 한강로2가 186,201 202 203 204 205 210,"구강악안면외과, 치과보철과, 치과교정과, 소아치과, 치주과, 예방치과",치과의원,PHMA119853020033041100004,3020000,,,03,폐업,0,,,
최세원치과의원,치과의원,2024-12-31,197553.467403213,447989.372343998,2026-04-25 22:30:23,I,03,폐업,79.85,1,0,2024-12-17 14:30:45,,1986-04-09,140-011,서울특별시 용산구 한강로1가 241번지 1호,411 406 405 404 403 402,"구강악안면외과, 치과보철과, 치과교정과, 소아치과, 치주과, 예방치과",치과의원,PHMA119863020033041100001,3020000,서울특별시 용산구 한강대로62길 18 (한강로1가),04382,03,폐업,0,,,
보광가정의원,의원,2024-05-01,199860.819809374,447348.10086997,2026-04-25 22:30:23,I,03,폐업,149.5,1,0,2024-04-23 17:27:20,,1986-05-01,,서울특별시 용산구 보광동 259번지 1호,101 104 110 111 114 115,"내과, 외과, 산부인과, 소아청소년과, 피부과, 비뇨의학과",의원,PHMA119863020033041100002,3020000,"서울특별시 용산구 보광로 46 (보광동, 용호빌딩)",04414,03,폐업,0,,,
서은치과의원,치과의원,2025-04-26,198319.100051752,449371.647335956,2026-04-25 22:30:23,I,03,폐업,80,1,0,2025-04-23 15:46:26,,1987-04-29,140-902,서울특별시 용산구 후암동 415번지 36호,411 406 405 404 403 402,"구강악안면외과, 치과보철과, 치과교정과, 소아치과, 치주과, 예방치과",치과의원,PHMA119873020033041100004,3020000,서울특별시 용산구 신흥로36길 1 (후암동),04337,03,폐업,0,,,
서울의원,의원,2009-12-21,,,2026-04-25 22:30:23,I,03,폐업,600,1,0,2009-12-21 17:05:38,,1990-03-31,,서울특별시 용산구 한남동 5-3,103 122,"정신건강의학과, 가정의학과",의원,PHMA119903020033041100002,3020000,,,03,폐업,0,,,
동방한의원,한의원,2023-04-30,196520.832831837,448235.51044774,2026-04-25 22:30:23,I,03,폐업,59.4,1,0,2023-04-26 14:47:36,,1990-12-04,,서울특별시 용산구 용문동 18번지 15호 동방한의원,301 302 303 304 305 306 307 308,"한방내과, 한방부인과, 한방소아과, 한방안·이비인후·피부과, 한방신경정신과, 한방재활의학과, 사상체질과, 침구과",한의원,PHMA119903020033041100005,3020000,"서울특별시 용산구 새창로35길 5, 동방한의원 (용문동)",04364,03,폐업,0,,,02-712-5041
조동욱산부인과의원,의원,2009-09-01,,,2026-04-25 22:30:23,I,03,폐업,117,1,0,2009-09-01 14:50:13,,1991-01-16,,서울특별시 용산구 이태원동 303-17,110,산부인과,의원,PHMA119913020033041100001,3020000,,,03,폐업,0,,,
느티나무한의원,한의원,2019-12-31,200477.785288312,448010.408774762,2026-04-25 22:30:23,I,03,폐업,108.8,1,0,2019-12-26 11:33:12,,1991-04-30,140-887,서울특별시 용산구 한남동 657번지 201호,301 302 303 304 305 306 307 308,"한방내과, 한방부인과, 한방소아과, 한방안·이비인후·피부과, 한방신경정신과, 한방재활의학과, 사상체질과, 침구과",한의원,PHMA119913020033041100003,3020000,서울특별시 용산구 한남대로21길 14 (한남동),04401,03,폐업,0,,,
유명한의원,한의원,2017-01-03,197318.367531615,447539.357644211,2026-04-25 22:30:23,I,03,폐업,96.56,1,0,2017-01-05 13:54:27,,1991-06-07,140-872,서울특별시 용산구 한강로2가 146번지 1호,301 302 303 304 305 306 307 308,"한방내과, 한방부인과, 한방소아과, 한방안·이비인후·피부과, 한방신경정신과, 한방재활의학과, 사상체질과, 침구과",한의원,PHMA119913020033041100004,3020000,서울특별시 용산구 한강대로40길 22 (한강로2가),04386,03,폐업,0,,,
이정준치과의원,치과의원,2018-01-22,196596.438958989,448791.762333138,2026-04-25 22:30:23,I,03,폐업,171,1,0,2018-01-22 14:25:21,,1991-10-09,140-896,서울특별시 용산구 효창동 5번지 52호,411 406 405 404 403 402,"구강악안면외과, 치과보철과, 치과교정과, 소아치과, 치주과, 예방치과",치과의원,PHMA119913020033041100005,3020000,서울특별시 용산구 효창원로 150 (효창동),04317,03,폐업,0,,,
용산복지의원,의원,2013-09-04,197431.710875586,449143.721978763,2026-04-25 22:30:23,I,03,폐업,140.2,1,0,2013-09-04 15:09:46,,1993-02-25,140-806,서울특별시 용산구 갈월동 85번지 3호 남영빌딩 206호,101 122 119,"내과, 진단검사의학과, 가정의학과",의원,PHMA119933020033041100002,3020000,"서울특별시 용산구 한강대로 295 (갈월동,남영빌딩 206호)",,03,폐업,0,,,
보광치과의원,치과의원,2013-12-23,,,2026-04-25 22:30:23,I,03,폐업,97.4,1,0,2014-12-18 17:07:38,,1993-03-24,140-823,서울특별시 용산구 보광동 260-8,201 202 203 204 205 210,"구강악안면외과, 치과보철과, 치과교정과, 소아치과, 치주과, 예방치과",치과의원,PHMA119933020033041100004,3020000,,,03,폐업,0,,,
박경진가정의학의원,의원,2011-04-11,,,2026-04-25 22:30:23,I,03,폐업,25.81,1,0,2011-04-12 09:25:36,,1993-06-08,,서울특별시 용산구 용문동 41-48,101 111 122,"내과, 소아청소년과, 가정의학과",의원,PHMA119933020033041100005,3020000,,,03,폐업,0,,,
에스엠씨치과의원,치과의원,2009-12-31,,,2026-04-25 22:30:23,I,03,폐업,368.69,4,0,2009-12-31 17:09:23,,1994-05-28,140-210,서울특별시 용산구 한남동 741-1,201 202 203 204 205 210,"구강악안면외과, 치과보철과, 치과교정과, 소아치과, 치주과, 예방치과",치과의원,PHMA119943020033041100001,3020000,,,03,폐업,0,,,
서울성심정형외과의원,의원,2025-03-05,196476.469404071,448056.380702319,2026-04-25 22:30:23,I,03,폐업,195.65,1,0,2025-03-07 18:03:05,,1994-06-01,,서울특별시 용산구 원효로2가 92번지 3호 세원빌딩,120 109 106 105,"정형외과, 신경외과, 마취통증의학과, 재활의학과",의원,PHMA119943020033041100002,3020000,"서울특별시 용산구 원효로 162, 1층 (원효로2가)",04366,03,폐업,0,,,02-701-4864
수미안치과의원,치과의원,2010-11-23,,,2026-04-25 22:30:23,I,03,폐업,102.17,1,0,2010-11-23 14:36:12,,1994-06-01,140-200,서울특별시 용산구 이태원동 22-2,201 202 203 204 205 210,"구강악안면외과, 치과보철과, 치과교정과, 소아치과, 치주과, 예방치과",치과의원,PHMA119943020033041100003,3020000,,,03,폐업,0,,,
재단법인서울의과학연구소부설서울의원,의원,2015-11-30,,,2026-04-25 22:30:23,I,03,폐업,1245.66,2,0,2015-11-30 08:42:34,,1994-10-12,,서울특별시 용산구 동빙고동 7-14,119,진단검사의학과,의원,PHMA119943020033041100004,3020000,,,03,폐업,0,,,
박은주치과의원,치과의원,2023-03-23,200501.438200388,448015.480732844,2026-04-25 22:30:23,I,03,폐업,87.97,1,0,2023-03-23 14:28:30,,1994-10-17,140-894,서울특별시 용산구 한남동 703번지 1호,411 406 405 404 403 402,"구강악안면외과, 치과보철과, 치과교정과, 소아치과, 치주과, 예방치과",치과의원,PHMA119943020033041100005,3020000,서울특별시 용산구 한남대로21길 9 (한남동),04401,03,폐업,0,2022-12-15,2023-03-22,
이규성한의원,한의원,2014-03-28,,,2026-04-25 22:30:23,I,03,폐업,59.25,1,0,2014-03-28 11:10:23,,1994-11-27,140-780,서울특별시 용산구 한강로3가 40-640,301 302 303 304 305 306 307 308,"한방내과, 한방부인과, 한방소아과, 한방안·이비인후·피부과, 한방신경정신과, 한방재활의학과, 사상체질과, 침구과",한의원,PHMA119943020033041100007,3020000,,,03,폐업,0,,,
열린가정의원,의원,2015-03-17,,,2026-04-25 22:30:23,I,03,폐업,56.73,1,0,2015-03-17 13:53:38,,1995-01-12,,서울특별시 용산구 이촌동 203-1,101 110 111 113 114 122,"내과, 산부인과, 소아청소년과, 이비인후과, 피부과, 가정의학과",의원,PHMA119953020033041100002,3020000,,,03,폐업,0,,,
최경명치과의원,치과의원,2016-03-30,200319.06075632,448640.981454745,2026-04-25 22:30:23,I,03,폐업,218.54,2,0,2016-03-07 14:49:28,,1995-09-13,140-893,서울특별시 용산구 한남동 726번지 82호,401,치과,치과의원,PHMA119953020033041100008,3020000,서울특별시 용산구 한남대로 130 (한남동),04417,03,폐업,0,,,
마쯔야마의원,의원,2019-03-26,200455.14401596,447866.831310941,2026-04-25 22:30:23,I,03,폐업,35.38,2,0,2019-03-26 10:30:49,,1997-12-26,,서울특별시 용산구 한남동 633번지 3호 제일빌딩 5층 3호,101 108 111 114 115,"내과, 성형외과, 소아청소년과, 피부과, 비뇨의학과",의원,PHMA119973020033041100004,3020000,"서울특별시 용산구 대사관로 72, 제일빌딩 5층 3호 (한남동)",04402,03,폐업,0,,,
의료법인 자산의료재단 중앙의원,의원,2010-12-27,,,2026-04-25 22:30:23,I,03,폐업,270.54,2,0,2010-12-27 17:36:11,,1999-04-03,,서울특별시 용산구 효창동 5-99,101 105 111 113 114 115,"내과, 정형외과, 소아청소년과, 이비인후과, 피부과, 비뇨의학과",의원,PHMA119993020033041100004,3020000,,,03,폐업,0,2010-04-21,2010-12-31,
이산부인과의원,의원,2010-01-06,,,2026-04-25 22:30:23,I,03,폐업,179.89,1,6,2010-01-06 17:17:51,,1999-05-31,,서울특별시 용산구 보광동 217-26,110 111,"산부인과, 소아청소년과",의원,PHMA119993020033041100010,3020000,,,03,폐업,6,,,
성모안과의원,의원,2014-08-25,,,2026-04-25 22:30:23,I,03,폐업,61.6,1,0,2014-08-25 17:43:34,,1999-06-09,,서울특별시 용산구 이촌동 302-52,112,안과,의원,PHMA119993020033041100011,3020000,,,03,폐업,0,,,
서정훈치과의원,치과의원,2021-01-27,197622.545093474,446384.74301469,2026-04-25 22:30:23,I,03,폐업,57.76,1,0,2021-01-27 15:16:39,,1999-06-26,140-724,서울특별시 용산구 이촌동 300번지 26호,411 406 405 404 403 402,"구강악안면외과, 치과보철과, 치과교정과, 소아치과, 치주과, 예방치과",치과의원,PHMA119993020033041100013,3020000,서울특별시 용산구 이촌로 248 (이촌동),04426,03,폐업,0,,,
이레치과의원,치과의원,2010-12-31,197560.347326866,448936.165461139,2026-04-25 22:30:23,I,03,폐업,173.92,2,0,2010-12-31 15:23:09,,1999-06-26,140-160,서울특별시 용산구 남영동 81번지 3호 3층,201 202 203 204 205 210,"구강악안면외과, 치과보철과, 치과교정과, 소아치과, 치주과, 예방치과",치과의원,PHMA119993020033041100014,3020000,"서울특별시 용산구 한강대로80길 5 (남영동,3층)",,03,폐업,0,,,
유일정신과의원,의원,2010-10-29,,,2026-04-25 22:30:23,I,03,폐업,67.46,1,0,2010-10-29 14:24:06,,1999-08-03,,서울특별시 용산구 원효로2가 90-16 2층,102 103,"신경과, 정신건강의학과",의원,PHMA119993020033041100016,3020000,,,03,폐업,0,,,
윤정선한의원,한의원,2011-02-21,,,2026-04-25 22:30:23,I,03,폐업,102.3,1,0,2011-02-21 17:06:25,,2000-01-25,140-857,서울특별시 용산구 이태원2동 225-94,301 302 303 304 305 306 307 308,"한방내과, 한방부인과, 한방소아과, 한방안·이비인후·피부과, 한방신경정신과, 한방재활의학과, 사상체질과, 침구과",한의원,PHMA120003020033041100001,3020000,,,03,폐업,0,,,
온누리한의원,한의원,2011-04-18,,,2026-04-25 22:30:24,I,03,폐업,70.76,1,0,2011-04-18 15:17:54,,2000-10-13,140-853,서울특별시 용산구 이촌동 300-23,301 302 303 304 305 306 307 308,"한방내과, 한방부인과, 한방소아과, 한방안·이비인후·피부과, 한방신경정신과, 한방재활의학과, 사상체질과, 침구과",한의원,PHMA120003020033041100004,3020000,,,03,폐업,0,,,
이호심내과의원,의원,2024-04-01,199930.373273373,447254.189992318,2026-04-25 22:30:24,I,03,폐업,139.7,1,0,2024-03-14 09:28:04,,2000-12-13,,서울특별시 용산구 보광동 260번지 7호,101 111 113,"내과, 소아청소년과, 이비인후과",의원,PHMA120003020033041100010,3020000,"서울특별시 용산구 보광로 34 (보광동, 보광농협)",04415,03,폐업,0,,,
홍인한의원,한의원,2014-04-15,197955.818770494,449718.054471759,2026-04-25 22:30:24,I,03,폐업,167.58,1,0,2014-04-15 16:08:53,,2001-04-09,140-901,서울특별시 용산구 후암동 244번지 35호,301 302 303 304 305 306 307 308,"한방내과, 한방부인과, 한방소아과, 한방안·이비인후·피부과, 한방신경정신과, 한방재활의학과, 사상체질과, 침구과",한의원,PHMA120013020033041100003,3020000,서울특별시 용산구 후암로 42-1 (후암동),,03,폐업,0,,,
연세차산부인과의원,의원,2010-03-10,196549.89584221,448153.524398611,2026-04-25 22:30:24,I,03,폐업,176.17,1,0,2016-01-27 16:59:44,,2001-06-01,,서울특별시 용산구 원효로2가 84번지 10호,110,산부인과,의원,PHMA120013020033041100005,3020000,"서울특별시 용산구 원효로 171 (원효로2가, 신영빌딩)",04364,03,폐업,0,,,
래미안치과의원,치과의원,2009-06-30,,,2026-04-25 22:30:24,I,03,폐업,88.21,1,0,2009-07-01 08:52:35,,2001-08-20,140-070,서울특별시 용산구 도원동 4,201 202 203 204 205 210,"구강악안면외과, 치과보철과, 치과교정과, 소아치과, 치주과, 예방치과",치과의원,PHMA120013020033041100009,3020000,,,03,폐업,0,,,
우리산부인과의원,의원,2016-10-20,196621.810302984,449898.051124054,2026-04-25 22:30:24,I,03,폐업,166.49,1,0,2016-10-20 18:00:39,,2002-09-11,,서울특별시 용산구 서계동 266번지 73호,110,산부인과,의원,PHMA120023020033041100006,3020000,"서울특별시 용산구 만리재로 134 (서계동, 파리바게뜨제과)",04305,03,폐업,0,,,
만리재신경외과의원,의원,2017-07-24,197425.47861329,449166.662964325,2026-04-25 22:30:24,I,03,폐업,160.92,1,0,2017-07-24 16:51:22,,2002-09-12,140-806,서울특별시 용산구 갈월동 69번지 3호,105 106 116 118 120,"정형외과, 신경외과, 영상의학과, 병리과, 재활의학과",의원,PHMA120023020033041100007,3020000,서울특별시 용산구 한강대로 297 (갈월동),04321,03,폐업,0,,,
뉴욕치과의원,치과의원,2009-12-29,,,2026-04-25 22:30:24,I,03,폐업,137.5,1,0,2009-12-29 11:54:27,,2002-09-13,140-011,서울특별시 용산구 한강로1가 215-5 의성빌딩 2층,201 202 203 204 205 210,"구강악안면외과, 치과보철과, 치과교정과, 소아치과, 치주과, 예방치과",치과의원,PHMA120023020033041100009,3020000,,,03,폐업,0,,,
안드로김의원,의원,2023-01-01,197117.41843467,447527.338271365,2026-04-25 22:30:24,I,03,폐업,74.37,1,0,2022-12-29 16:33:23,,2002-11-13,,서울특별시 용산구 한강로2가 314번지 1호,114 115,"피부과, 비뇨의학과",의원,PHMA120023020033041100011,3020000,"서울특별시 용산구 한강대로 109, 707호 (한강로2가, 용성비즈텔)",04376,03,폐업,0,,,26780101
닥터윤한의원,한의원,2011-02-21,,,2026-04-25 22:30:24,I,03,폐업,132.9,1,0,2011-02-21 18:47:25,,2003-03-27,140-857,서울특별시 용산구 이태원2동 225-167 3층,301 302 303 304 305 306 307 308,"한방내과, 한방부인과, 한방소아과, 한방안·이비인후·피부과, 한방신경정신과, 한방재활의학과, 사상체질과, 침구과",한의원,PHMA120033020033041100002,3020000,,,03,폐업,0,,,
효전한의원,한의원,2020-11-01,199531.991699117,448011.065018984,2026-04-25 22:30:24,I,03,폐업,123.41,1,0,2020-10-29 10:38:58,,2003-04-25,140-858,서울특별시 용산구 이태원동 127번지 1호,301 302 303 304 305 306 307 308,"한방내과, 한방부인과, 한방소아과, 한방안·이비인후·피부과, 한방신경정신과, 한방재활의학과, 사상체질과, 침구과",한의원,PHMA120033020033041100003,3020000,서울특별시 용산구 우사단로 47 (이태원동),04406,03,폐업,0,,,
예지당한의원,한의원,2014-09-24,196542.935666666,448603.573333334,2026-04-25 22:30:24,I,03,폐업,153.11,1,0,2014-09-24 11:26:50,,2003-05-26,140-896,서울특별시 용산구 효창동 5번지 121호,301 302 303 304 305 306 307 308,"한방내과, 한방부인과, 한방소아과, 한방안·이비인후·피부과, 한방신경정신과, 한방재활의학과, 사상체질과, 침구과",한의원,PHMA120033020033041100004,3020000,서울특별시 용산구 효창원로 132 (효창동),,03,폐업,0,,,
소망정형외과의원,의원,2020-01-08,197988.952276492,449398.313529454,2026-04-25 22:30:24,I,03,폐업,105.5,2,0,2020-01-22 17:47:13,,2003-06-05,,서울특별시 용산구 후암동 204번지,101 105 106 115 120,"내과, 정형외과, 신경외과, 비뇨의학과, 재활의학과",의원,PHMA120033020033041100005,3020000,"서울특별시 용산구 후암로 9-1 (후암동, 최내과)",04335,03,폐업,0,2019-12-01,2019-12-31,02-778-8770
우리이비인후과의원,의원,2020-09-01,196534.284541859,448086.811978621,2026-04-25 22:30:24,I,03,폐업,66.61,1,0,2020-08-26 11:24:34,,2003-10-06,,서울특별시 용산구 원효로2가 94번지 2호 원효아파트,113,이비인후과,의원,PHMA120033020033041100008,3020000,"서울특별시 용산구 원효로 166, 2층 211호 (원효로2가, 원효아파트)",04366,03,폐업,0,,,02-704-1588
평강한의원,한의원,2011-09-26,,,2026-04-25 22:30:24,I,03,폐업,89.51,1,0,2011-09-26 17:22:01,,2003-11-03,140-902,"서울특별시 용산구 후암동 415-47,59",301 302 303 304 305 306 307 308,"한방내과, 한방부인과, 한방소아과, 한방안·이비인후·피부과, 한방신경정신과, 한방재활의학과, 사상체질과, 침구과",한의원,PHMA120033020033041100009,3020000,,,03,폐업,0,,,
세상에서하나뿐인치과의원,치과의원,2011-03-29,,,2026-04-25 22:30:24,I,03,폐업,81.95,1,0,2011-03-29 10:39:53,,2003-12-23,140-880,서울특별시 용산구 한강로3가  40-93,201 202 203 204 205 210,"구강악안면외과, 치과보철과, 치과교정과, 소아치과, 치주과, 예방치과",치과의원,PHMA120033020033041100012,3020000,,,03,폐업,0,,,
이촌연세이비인후과의원,의원,2014-08-11,,,2026-04-25 22:30:24,I,03,폐업,65.76,1,0,2014-08-08 17:04:46,,2004-04-07,,서울특별시 용산구 이촌동302-52 LG프라자 205호,113 101 105 111 114 104 108 112 122,"내과, 외과, 정형외과, 성형외과, 소아청소년과, 안과, 이비인후과, 피부과, 가정의학과",의원,PHMA120043020033041100005,3020000,,,03,폐업,0,,,
고&박치과의원,치과의원,2013-09-10,,,2026-04-25 22:30:24,I,03,폐업,49.5,2,0,2013-09-10 11:32:30,,2004-04-14,140-026,서울특별시 용산구 용산동6가 69-167,201 202 203 204 205 210,"구강악안면외과, 치과보철과, 치과교정과, 소아치과, 치주과, 예방치과",치과의원,PHMA120043020033041100006,3020000,,,03,폐업,0,,,
경희온정한의원,한의원,2014-03-17,,,2026-04-25 22:30:24,I,03,폐업,131.1,1,0,2014-03-17 13:20:18,,2004-06-17,140-240,서울특별시 용산구 용산동6가69-167 신동아쇼핑센터2층,301 302 303 304 305 306 307 308,"한방내과, 한방부인과, 한방소아과, 한방안·이비인후·피부과, 한방신경정신과, 한방재활의학과, 사상체질과, 침구과",한의원,PHMA120043020033041100010,3020000,,,03,폐업,0,,,
마리의원,의원,2017-01-03,200697.42588055,447925.577361706,2026-04-25 22:30:24,I,03,폐업,306.8,1,0,2017-01-03 12:58:13,,2004-07-09,140-884,"서울특별시 용산구 한남동 258번지 현대리버티하우스 302호, 303호",101 111 114,"내과, 소아청소년과, 피부과",의원,PHMA120043020033041100012,3020000,서울특별시 용산구 독서당로 70 (한남동),04420,03,폐업,0,2016-08-31,2017-08-30,
참편한치과의원,치과의원,2022-12-27,200093.947721943,447069.0470298,2026-04-25 22:30:24,I,03,폐업,135,1,0,2025-05-08 10:30:17,,2004-07-19,140-826,서울특별시 용산구 보광동 448번지 신동아아파트 상가 301호,411 406 405 404 403 402,"구강악안면외과, 치과보철과, 치과교정과, 소아치과, 치주과, 예방치과",치과의원,PHMA120043020033041100013,3020000,서울특별시 용산구 보광로 14 (보광동),04416,03,폐업,0,,,
원한의원,한의원,2010-06-21,,,2026-04-25 22:30:24,I,03,폐업,72.56,1,0,2010-06-21 11:41:49,,2004-11-01,140-831,서울특별시 용산구 용문동 1-135,301 302 303 304 305 306 307 308,"한방내과, 한방부인과, 한방소아과, 한방안·이비인후·피부과, 한방신경정신과, 한방재활의학과, 사상체질과, 침구과",한의원,PHMA120043020033041100015,3020000,,,03,폐업,0,,,
엠치과의원,치과의원,2017-08-27,197265.064006919,446517.341438543,2026-04-25 22:30:24,I,03,폐업,222,3,0,2017-09-05 18:39:26,,2005-01-31,140-854,서울특별시 용산구  302번지 51호 4층,411 406 405 404 403 402,"구강악안면외과, 치과보철과, 치과교정과, 소아치과, 치주과, 예방치과",치과의원,PHMA120053020033041100003,3020000,"서울특별시 용산구 이촌로 206, 4층 (이촌동)",04427,03,폐업,0,,,
미래이비인후과의원,의원,2010-07-22,,,2026-04-25 22:30:24,I,03,폐업,88.22,1,0,2010-07-22 11:45:49,,2005-04-22,,서울특별시 용산구 후암동 244-11,101 102 104 105 111 113 114,"내과, 신경과, 외과, 정형외과, 소아청소년과, 이비인후과, 피부과",의원,PHMA120053020033041100006,3020000,,,03,폐업,0,,,
이오치과의원,치과의원,2009-11-18,,,2026-04-25 22:30:24,I,03,폐업,59.5,1,0,2009-11-18 13:13:37,,2005-07-08,140-906,서울특별시 용산구 이촌1동 301-10 로얄상가201호,201 202 203 204 205 210,"구강악안면외과, 치과보철과, 치과교정과, 소아치과, 치주과, 예방치과",치과의원,PHMA120053020033041100009,3020000,,,03,폐업,0,,,
윤의원,의원,2022-12-01,198047.573915372,446202.36502252,2026-04-25 22:30:22,I,03,폐업,33,1,0,2022-12-13 16:28:47,,1965-08-30,,서울특별시 용산구 이촌동 300번지 10호,101 111,"내과, 소아청소년과",의원,PHMA119653020033041100001,3020000,"서울특별시 용산구 이촌로 290 (이촌동, 점보상가)",04425,03,폐업,0,,,
임향한의원,한의원,2010-11-23,,,2026-04-25 22:30:22,I,03,폐업,16.5,1,0,2010-11-23 18:41:25,,1965-08-30,140-875,서울특별시 용산구 한강로2가 213,301 302 303 304 305 306 307 308,"한방내과, 한방부인과, 한방소아과, 한방안·이비인후·피부과, 한방신경정신과, 한방재활의학과, 사상체질과, 침구과",한의원,PHMA119653020033041100002,3020000,,,03,폐업,0,,,
차한의원,한의원,2017-03-22,198609.608453579,449323.369026217,2026-04-25 22:30:22,I,03,폐업,108,1,0,2017-03-22 13:00:08,,1965-08-30,140-833,서울특별시 용산구 용산동2가 1번지 465호,301 302 303 304 305 306 307 308,"한방내과, 한방부인과, 한방소아과, 한방안·이비인후·피부과, 한방신경정신과, 한방재활의학과, 사상체질과, 침구과",한의원,PHMA119653020033041100003,3020000,서울특별시 용산구 신흥로20길 8 (용산동2가),04328,03,폐업,0,,,
인화한의원,한의원,2018-11-01,197685.447351938,448246.676603249,2026-04-25 22:30:22,I,03,폐업,59.4,2,0,2018-10-25 10:28:14,,1965-08-30,140-011,서울특별시 용산구 한강로1가 14번지 26호,301 302 303 304 305 306 307 308,"한방내과, 한방부인과, 한방소아과, 한방안·이비인후·피부과, 한방신경정신과, 한방재활의학과, 사상체질과, 침구과",한의원,PHMA119653020033041100004,3020000,서울특별시 용산구 한강대로 202-1 (한강로1가),04353,03,폐업,0,2018-04-01,2018-06-30,
이경욱외과의원,의원,2015-08-04,,,2026-04-25 22:30:22,I,03,폐업,123,1,0,2015-08-04 13:52:45,,1966-01-15,,서울특별시 용산구 보광동 238-43,101 104,"내과, 외과",의원,PHMA119663020033041100001,3020000,,,03,폐업,0,,,
근화당한의원,한의원,2018-01-15,197262.29084949,449565.882012835,2026-04-25 22:30:22,I,03,폐업,45,1,0,2018-01-15 15:39:48,,1966-07-20,140-869,서울특별시 용산구 청파동1가 163번지,301 302 303 304 305 306 307 308,"한방내과, 한방부인과, 한방소아과, 한방안·이비인후·피부과, 한방신경정신과, 한방재활의학과, 사상체질과, 침구과",한의원,PHMA119663020033041100002,3020000,서울특별시 용산구 청파로 321 (청파동1가),04308,03,폐업,0,,,
김정범치과의원,치과의원,2023-08-31,,,2026-04-25 22:30:22,I,03,폐업,40,1,0,2023-09-01 16:35:09,,1967-01-23,140-886,서울특별시 용산구 한남동 76번지 21호,410 409 408 407,"치과보존과, 구강내과, 영상치의학과, 구강병리과",치과의원,PHMA119673020033041100001,3020000,서울특별시 용산구 한남대로 57 (한남동),04401,03,폐업,0,,,
원효로의원,의원,2021-10-27,196708.429265199,448281.343781295,2026-04-25 22:30:22,I,03,폐업,224.85,1,0,2021-10-27 10:47:13,,1968-04-16,,서울특별시 용산구 원효로2가 25번지,101 105 111,"내과, 정형외과, 소아청소년과",의원,PHMA119683020033041100001,3020000,"서울특별시 용산구 원효로 191 (원효로2가, 원효로의원)",04364,03,폐업,0,,,
이치과의원,치과의원,2010-06-30,,,2026-04-25 22:30:22,I,03,폐업,39,1,0,2010-06-30 11:06:39,,1969-09-20,140-869,서울특별시 용산구 청파동1가 138,201 202 203 204 205 210,"구강악안면외과, 치과보철과, 치과교정과, 소아치과, 치주과, 예방치과",치과의원,PHMA119693020033041100001,3020000,,,03,폐업,0,,,
조소아과의원,의원,2016-11-15,198323.955988855,449327.972744854,2026-04-25 22:30:22,I,03,폐업,49.5,1,0,2016-11-14 12:34:31,,1971-06-10,,서울특별시 용산구 용산동2가 1번지 395호,101 111,"내과, 소아청소년과",의원,PHMA119713020033041100001,3020000,"서울특별시 용산구 신흥로 146-1 (용산동2가, 조소아과)",04337,03,폐업,0,,,
오치과의원,치과의원,2019-01-29,196559.769335633,448200.412376411,2026-04-25 22:30:22,I,03,폐업,66.07,1,0,2019-01-29 08:56:12,,1971-06-10,140-847,서울특별시 용산구 원효로2가 81번지 3호,411 406 405 404 403 402,"구강악안면외과, 치과보철과, 치과교정과, 소아치과, 치주과, 예방치과",치과의원,PHMA119713020033041100002,3020000,서울특별시 용산구 새창로 131-7 (원효로2가),04364,03,폐업,0,,,
보신치과의원,치과의원,2013-04-30,,,2026-04-25 22:30:22,I,03,폐업,82.5,2,0,2013-04-30 11:24:02,,1971-06-10,140-823,서울특별시 용산구 보광동 259-1,201 202 203 204 205 210,"구강악안면외과, 치과보철과, 치과교정과, 소아치과, 치주과, 예방치과",치과의원,PHMA119713020033041100003,3020000,,,03,폐업,0,,,
동성치과의원,치과의원,2011-12-16,,,2026-04-25 22:30:22,I,03,폐업,30,1,0,2011-12-16 17:36:41,,1971-06-10,140-876,서울특별시 용산구 한강로2가 353-1,201 202 203 204 205 210,"구강악안면외과, 치과보철과, 치과교정과, 소아치과, 치주과, 예방치과",치과의원,PHMA119713020033041100005,3020000,,,03,폐업,0,,,
화신치과의원,치과의원,2017-07-14,198842.61612083,448493.993525383,2026-04-25 22:30:23,I,03,폐업,105,1,0,2017-07-14 17:59:36,,1971-06-10,140-861,서울특별시 용산구 이태원동 647번지,403 402,"구강악안면외과, 치과보철과",치과의원,PHMA119713020033041100006,3020000,서울특별시 용산구 회나무로 7 (이태원동),04343,03,폐업,0,,,
혜화당한의원,한의원,2012-09-13,,,2026-04-25 22:30:23,I,03,폐업,87,1,0,2012-09-13 17:35:56,,1971-06-10,140-133,서울특별시 용산구 청파동3가 26-18,301 302 303 304 305 306 307 308,"한방내과, 한방부인과, 한방소아과, 한방안·이비인후·피부과, 한방신경정신과, 한방재활의학과, 사상체질과, 침구과",한의원,PHMA119713020033041100007,3020000,,,03,폐업,0,,,
정행남치과의원,치과의원,2020-05-01,196785.287686892,447075.536363298,2026-04-25 22:30:23,I,03,폐업,82.5,1,0,2020-04-24 17:28:07,,1971-09-01,140-880,서울특별시 용산구 한강로3가 40번지 592호,411 408 406 405 404 403 402,"구강악안면외과, 치과보철과, 치과교정과, 소아치과, 치주과, 구강내과, 예방치과",치과의원,PHMA119713020033041100008,3020000,서울특별시 용산구 한강대로 55 (한강로3가),04379,03,폐업,0,2018-12-01,2020-04-30,02-795-0486
동원당한의원,한의원,2015-11-12,196784.657880138,450071.208046076,2026-04-25 22:30:23,I,03,폐업,33,1,0,2015-11-12 15:43:15,,1971-09-01,140-830,서울특별시 용산구 서계동 243번지 13호,301 302 303 304 305 306 307 308,"한방내과, 한방부인과, 한방소아과, 한방안·이비인후·피부과, 한방신경정신과, 한방재활의학과, 사상체질과, 침구과",한의원,PHMA119713020033041100009,3020000,서울특별시 용산구 만리재로 158 (서계동),04302,03,폐업,0,,,
이옥주산부인과의원,의원,2009-04-22,,,2026-04-25 22:30:23,I,03,폐업,83.07,1,0,2009-04-22 11:36:18,,1972-02-03,,서울특별시 용산구 한강로3가 62-200,110,산부인과,의원,PHMA119723020033041100001,3020000,,,03,폐업,0,,,
형제한의원,한의원,2021-08-24,197301.194561162,447641.194799197,2026-04-25 22:30:23,I,03,폐업,66,1,0,2021-08-24 17:38:15,,1972-02-25,140-872,서울특별시 용산구 한강로2가 114번지 3호,301 302 303 304 305 306 307 308,"한방내과, 한방부인과, 한방소아과, 한방안·이비인후·피부과, 한방신경정신과, 한방재활의학과, 사상체질과, 침구과",한의원,PHMA119723020033041100002,3020000,서울특별시 용산구 한강대로44길 6 (한강로2가),04382,03,폐업,0,,,
용강의원,의원,2020-08-31,199962.958832955,447082.33079997,2026-04-25 22:30:23,I,03,폐업,40,1,0,2020-08-31 10:45:50,,1972-10-02,,서울특별시 용산구 보광동 216번지 56호,101 104 111 115,"내과, 외과, 소아청소년과, 비뇨의학과",의원,PHMA119723020033041100003,3020000,"서울특별시 용산구 장문로 98 (보광동, 용강의원)",04396,03,폐업,0,,,
조상범치과의원,치과의원,2017-11-17,197897.03001154,449754.014241586,2026-04-25 22:30:23,I,03,폐업,85.44,1,0,2017-11-15 13:40:59,,1972-11-23,140-900,서울특별시 용산구 후암동 105번지 180호,411 406 405 404 403 402,"구강악안면외과, 치과보철과, 치과교정과, 소아치과, 치주과, 예방치과",치과의원,PHMA119723020033041100004,3020000,서울특별시 용산구 한강대로104길 88 (후암동),04332,03,폐업,0,2017-11-17,2027-11-16,
김기호치과의원,치과의원,2013-01-03,,,2026-04-25 22:30:23,I,03,폐업,33,1,0,2013-01-03 17:38:26,,1972-12-01,140-160,서울특별시 용산구 남영동 18-1,201 202 203 204 205 210,"구강악안면외과, 치과보철과, 치과교정과, 소아치과, 치주과, 예방치과",치과의원,PHMA119723020033041100005,3020000,,,03,폐업,0,2012-11-24,2012-12-31,
세정한의원,한의원,2024-12-31,197722.571038558,446344.591216568,2026-04-25 22:30:23,I,03,폐업,39,1,0,2025-01-15 19:41:37,,1972-12-05,140-724,서울특별시 용산구 이촌동 300번지 23호,301 302 303 304 305 306 307 308,"한방내과, 한방부인과, 한방소아과, 한방안·이비인후·피부과, 한방신경정신과, 한방재활의학과, 사상체질과, 침구과",한의원,PHMA119723020033041100006,3020000,서울특별시 용산구 이촌로 248 (이촌동),04426,03,폐업,0,2024-09-21,2024-12-31,02-794-1464
보원한의원,한의원,2009-07-16,,,2026-04-25 22:30:23,I,03,폐업,46.75,1,0,2009-07-17 08:39:38,,1972-12-18,140-823,서울특별시 용산구 보광동 216-112,301 302 303 304 305 306 307 308,"한방내과, 한방부인과, 한방소아과, 한방안·이비인후·피부과, 한방신경정신과, 한방재활의학과, 사상체질과, 침구과",한의원,PHMA119723020033041100007,3020000,,,03,폐업,0,,,
강남치과의원,치과의원,2013-02-14,,,2026-04-25 22:30:23,I,03,폐업,50,1,0,2013-02-15 09:56:10,,1973-05-25,140-210,서울특별시 용산구 한남동 726-74,201 202 203 204 205 210,"구강악안면외과, 치과보철과, 치과교정과, 소아치과, 치주과, 예방치과",치과의원,PHMA119733020033041100001,3020000,,,03,폐업,0,,,
홍치과의원,치과의원,2008-10-20,,,2026-04-25 22:30:23,I,03,폐업,33,1,0,2011-11-22 14:38:56,,1973-07-10,140-190,서울특별시 용산구 후암동 439,201 202 203 204 205 210,"구강악안면외과, 치과보철과, 치과교정과, 소아치과, 치주과, 예방치과",치과의원,PHMA119733020033041100002,3020000,,,03,폐업,0,,,
장양한의원,한의원,2013-09-17,,,2026-04-25 22:30:23,I,03,폐업,132,1,0,2013-09-17 16:06:42,,1973-07-10,140-901,서울특별시 용산구 후암동 195-10,301 302 303 304 305 306 307 308,"한방내과, 한방부인과, 한방소아과, 한방안·이비인후·피부과, 한방신경정신과, 한방재활의학과, 사상체질과, 침구과",한의원,PHMA119733020033041100003,3020000,,,03,폐업,0,2013-03-22,2013-09-21,
온누리정형외과의원,의원,2016-05-13,197450.277644237,446437.197878548,2026-04-25 22:30:25,I,03,폐업,38.77,2,0,2016-05-11 15:47:55,,2010-01-14,140-854,"서울특별시 용산구 이촌1동 300번지 27호 한강쇼핑센터 203호, 207호",101 105,"내과, 정형외과",의원,PHMA120103020033041100001,3020000,"서울특별시 용산구 이촌로 224 (이촌동,한강쇼핑센터 203호, 207호)",,03,폐업,0,,,
안병철한의원,한의원,2020-09-16,197138.670479641,446538.290693946,2026-04-25 22:30:25,I,03,폐업,115.8,1,0,2020-09-10 15:59:02,,2010-02-01,140-854,서울특별시 용산구 이촌1동 302번지 61호 제일맨션 101호,301 304 307 302 305 308 303 306,"한방내과, 한방부인과, 한방소아과, 한방안·이비인후·피부과, 한방신경정신과, 한방재활의학과, 사상체질과, 침구과",한의원,PHMA120103020033041100003,3020000,"서울특별시 용산구 이촌로 192 (이촌동,제일맨션 101호)",04427,03,폐업,0,,,
임안과의원,의원,2011-06-29,198940.483210307,448499.226994016,2026-04-25 22:30:25,I,03,폐업,137.2,1,0,2011-06-29 12:47:19,,2010-04-22,140-861,서울특별시 용산구 이태원2동 303번지 17호 혜광빌딩 3층,112,안과,의원,PHMA120103020033041100007,3020000,"서울특별시 용산구 회나무로6길 5 (이태원동,혜광빌딩 3층)",,03,폐업,0,,,
서울바른치과의원,치과의원,2025-01-28,196503.783070686,448592.511643064,2026-04-25 22:30:25,I,03,폐업,0,1,0,2025-02-06 15:59:51,,2010-04-27,,,412 411 408 407 406 405 404 403 402,"구강악안면외과, 치과보철과, 치과교정과, 소아치과, 치주과, 치과보존과, 구강내과, 예방치과, 통합치의학과",치과의원,PHMA120103020033041100008,3020000,"서울특별시 용산구 백범로 287 (효창동,3층)",04318,03,폐업,0,,,
이촌예지의원,의원,2013-02-13,197811.954980013,446248.255892098,2026-04-25 22:30:25,I,03,폐업,104.94,1,0,2013-02-13 19:28:20,,2010-05-03,140-725,"서울특별시 용산구 이촌1동 300번지 301호 삼익상가 3층 302호일부, 303호",114,피부과,의원,PHMA120103020033041100009,3020000,"서울특별시 용산구 이촌로 264, 302호일부,303호 (이촌동, 삼익상가)",,03,폐업,0,,,
미소인치과의원,치과의원,2018-09-02,197679.255159437,446425.373848781,2026-04-25 22:30:25,I,03,폐업,58.76,1,0,2018-08-27 09:56:10,,2010-05-14,140-906,서울특별시 용산구 이촌1동 301번지 10호 로얄상가 2층1호,401,치과,치과의원,PHMA120103020033041100010,3020000,서울특별시 용산구 이촌로 245 (이촌동),04423,03,폐업,0,,,
행복한아침의원,의원,2013-01-20,197063.843310118,449196.025596089,2026-04-25 22:30:25,I,03,폐업,176.34,1,0,2013-01-10 20:29:03,,2010-05-13,140-132,서울특별시 용산구 청파동2가 71번지 88호 명신플라자 4층,114 115,"피부과, 비뇨의학과",의원,PHMA120103020033041100011,3020000,"서울특별시 용산구 청파로47길 52 (청파동2가,명신플라자 4층)",,03,폐업,0,,,
유디치과의원,치과의원,2012-10-31,196610.663839509,447742.348636253,2026-04-25 22:30:25,I,03,폐업,549.92,4,0,2012-10-31 11:46:55,,2010-06-01,140-877,서울특별시 용산구 한강로3가 40번지 969호 터미널전자상가 2층,401,치과,치과의원,PHMA120103020033041100012,3020000,,,03,폐업,0,,,
피노키오이비인후과의원,의원,2014-05-07,197083.100438264,447552.774477998,2026-04-25 22:30:25,I,03,폐업,259.52,2,3,2014-05-07 14:24:14,,2010-07-12,140-735,"서울특별시 용산구 한강로2가 2번지 37호 용산토투밸리 7층 705호, 706호",113 101 111 114 112 108,"내과, 성형외과, 소아청소년과, 안과, 이비인후과, 피부과",의원,PHMA120103020033041100013,3020000,"서울특별시 용산구 새창로 217 (한강로2가,용산토투밸리 7층 705호, 706호)",,03,폐업,4,,,
서울준치과의원,치과의원,2025-04-16,196424.623802432,448396.915261383,2026-04-25 22:30:25,I,03,폐업,102.88,1,0,2025-04-10 16:28:41,,2010-10-08,,서울특별시 용산구 용문동 7번지 6호,401,치과,치과의원,PHMA120103020033041100020,3020000,"서울특별시 용산구 효창원로 105, 2,3층 (용문동)",04355,03,폐업,0,,,02-716-2275
이레치과의원,치과의원,2013-01-31,197560.347326866,448936.165461139,2026-04-25 22:30:25,I,03,폐업,115.84,2,0,2014-08-18 13:51:04,,2011-01-10,140-160,서울특별시 용산구 남영동 81번지 3호 3층,401,치과,치과의원,PHMA120113020033041100001,3020000,"서울특별시 용산구 한강대로80길 5 (남영동,3층)",,03,폐업,0,,,02-793-7277
미그린한의원,한의원,2012-02-01,196005.836412851,447699.758814725,2026-04-25 22:30:25,I,03,폐업,159.6,1,0,2012-02-01 13:17:53,,2011-02-01,140-791,서울특별시 용산구 한강로3가 16번지 85호 GS한강에클라트 104호,301 308 304 302 303 305 306 307,"한방내과, 한방부인과, 한방소아과, 한방안·이비인후·피부과, 한방신경정신과, 한방재활의학과, 사상체질과, 침구과",한의원,PHMA120113020033041100002,3020000,"서울특별시 용산구 이촌로 1 (한강로3가,GS한강에클라트 104호)",,03,폐업,0,,,02-703-1975
수미안치과의원,치과의원,2011-11-30,199471.30974998,447522.747030786,2026-04-25 22:30:25,I,03,폐업,70,1,0,2011-11-30 17:29:15,,2011-04-05,140-860,서울특별시 용산구 이태원1동 22번지 2호 2층,401,치과,치과의원,PHMA120113020033041100004,3020000,"서울특별시 용산구 장문로 27 (이태원동,2층)",,03,폐업,0,,,
한우리한의원,한의원,2023-02-10,199034.580692003,448669.474748983,2026-04-25 22:30:25,I,03,폐업,159.17,1,0,2023-02-10 14:23:14,,2011-04-28,140-856,서울특별시 용산구 이태원동 254번지 5호,301 304 307 302 305 308 303 306,"한방내과, 한방부인과, 한방소아과, 한방안·이비인후·피부과, 한방신경정신과, 한방재활의학과, 사상체질과, 침구과",한의원,PHMA120113020033041100005,3020000,서울특별시 용산구 회나무로13길 20-4 (이태원동),04344,03,폐업,0,,,02-790-7748
유디남영치과의원,치과의원,2011-08-22,197592.425971984,448787.429656748,2026-04-25 22:30:25,I,03,폐업,274.6,1,0,2011-10-30 13:14:08,,2011-06-14,140-160,서울특별시 용산구 남영동 120번지 2호 수빌딩 5층,401,치과,치과의원,PHMA120113020033041100007,3020000,"서울특별시 용산구 한강대로 256 (남영동, 수빌딩 5층)",,03,폐업,0,,,02-798-0089
미체담한의원,한의원,2013-03-07,197425.47861329,449166.662964325,2026-04-25 22:30:25,I,03,폐업,118.68,1,0,2013-03-07 16:49:17,,2011-09-20,140-806,서울특별시 용산구 갈월동 69번지 3호 4층,301 304 307 302 305 308 303 306,"한방내과, 한방부인과, 한방소아과, 한방안·이비인후·피부과, 한방신경정신과, 한방재활의학과, 사상체질과, 침구과",한의원,PHMA120113020033041100009,3020000,서울특별시 용산구 한강대로 297 (갈월동),,03,폐업,0,,,32937575
아이피의원,의원,2013-02-06,199774.471653899,448110.566487329,2026-04-25 22:30:25,I,03,폐업,174.87,1,0,2013-02-07 08:48:42,,2011-09-22,140-893,서울특별시 용산구 한남동 737번지 25호 (이태원로 221) 아이피부티크호텔 2층,114 108 101 122 104 115,"내과, 외과, 성형외과, 피부과, 비뇨의학과, 가정의학과",의원,PHMA120113020033041100010,3020000,"서울특별시 용산구 이태원로 221 (한남동,(이태원로 221) 아이피부티크호텔 2층)",,03,폐업,0,,,
아이피부티크의원,의원,2012-06-08,199774.471653899,448110.566487329,2026-04-25 22:30:25,I,03,폐업,270.39,1,0,2012-06-08 15:55:24,,2011-10-05,140-893,서울특별시 용산구 한남동 737번지 25호 (이태원로 221)아이피부티크호텔 2층,101 104 122 108 114 115,"내과, 외과, 성형외과, 피부과, 비뇨의학과, 가정의학과",의원,PHMA120113020033041100011,3020000,"서울특별시 용산구 이태원로 221 (한남동,(이태원로 221)아이피부티크호텔 2층)",,03,폐업,0,,,
소망한의원,한의원,2024-03-14,199908.377255578,447351.598864666,2026-04-25 22:30:25,I,03,폐업,90.2,1,0,2024-03-06 17:27:01,,2011-11-07,,,301 302 303 304 305 306 307 308,"한방내과, 한방부인과, 한방소아과, 한방안·이비인후·피부과, 한방신경정신과, 한방재활의학과, 사상체질과, 침구과",한의원,PHMA120113020033041100014,3020000,"서울특별시 용산구 보광로24길 12, 3층 (보광동)",04415,03,폐업,0,,,02-792-7577
시민의원,의원,2024-06-03,197418.853136927,449290.688144064,2026-04-25 22:30:25,I,03,폐업,80.25,2,0,2024-06-10 16:58:33,,2012-02-08,140-806,서울특별시 용산구 갈월동 69번지 75호 유니온빌딩 1층,101 122,"내과, 가정의학과",의원,PHMA120123020033041100002,3020000,"서울특별시 용산구 한강대로 309, 1층 (갈월동, 유니온빌딩)",04320,03,폐업,0,,,02-719-8147
유니퀸의원,의원,2013-04-15,197061.133781659,450255.757958327,2026-04-25 22:30:25,I,03,폐업,101.4,1,0,2013-04-15 13:54:10,,2012-05-08,140-828,서울특별시 용산구 서계동 223번지 55호 서계대명빌딩 2층 201~204호,114 108,"성형외과, 피부과",의원,PHMA120123020033041100005,3020000,"서울특별시 용산구 만리재로 192, 2층 201~204호 (서계동, 서계대명빌딩)",,03,폐업,0,,,
미그린한의원,한의원,2013-01-01,196005.836412851,447699.758814725,2026-04-25 22:30:25,I,03,폐업,199.63,1,0,2012-12-31 16:36:05,,2012-05-31,140-791,서울특별시 용산구 한강로3가 16번지 85호,301,한방내과,한의원,PHMA120123020033041100006,3020000,"서울특별시 용산구 이촌로 1, 1층 (한강로3가)",,03,폐업,0,,,
수미안치과의원,치과의원,2012-11-30,199471.30974998,447522.747030786,2026-04-25 22:30:25,I,03,폐업,70,1,0,2012-11-30 16:46:27,,2012-06-20,140-731,서울특별시 용산구 이태원동 22번지 2호,401,치과,치과의원,PHMA120123020033041100007,3020000,"서울특별시 용산구 장문로 27, 2층 201호 (이태원동)",,03,폐업,0,,,02-796-6106
용산벨라의원,의원,2013-02-15,197542.687282146,448325.294355232,2026-04-25 22:30:25,I,03,폐업,68.96,2,0,2013-02-18 10:05:11,,2012-10-08,140-011,서울특별시 용산구  64번지 대우월드마크용산 208호,101 108 114 115,"내과, 성형외과, 피부과, 비뇨의학과",의원,PHMA120123020033041100009,3020000,"서울특별시 용산구 한강대로 211, 208호 (한강로1가)",,03,폐업,0,,,
예원의원,의원,2021-08-20,200051.036405453,448464.581422577,2026-04-25 22:30:25,I,03,폐업,228,1,0,2021-08-31 16:08:43,,2012-10-17,140-893,서울특별시 용산구 한남동 740번지 1호,122 114,"피부과, 가정의학과",의원,PHMA120123020033041100010,3020000,"서울특별시 용산구 이태원로 267, 3층 (한남동)",04348,03,폐업,0,,,
마마스조산원,조산원,2018-09-19,197045.849468346,448447.558967085,2026-04-25 22:30:25,I,03,폐업,174.7,3,5,2018-09-19 13:54:09,,2012-10-22,140-111,서울특별시 용산구 원효로1가 133번지 3호 리첸시아용산 A동 301호,501,조산원,조산원,PHMA120123020033041100011,3020000,"서울특별시 용산구 백범로 341, A동 301호 (원효로1가, 리첸시아용산)",04315,03,폐업,5,,,
97.7비엔에치의원,의원,2020-12-21,200887.091124451,447766.630012917,2026-04-25 22:30:26,I,03,폐업,369,1,0,2020-12-21 16:46:07,,2012-11-23,140-884,"서울특별시 용산구 한남동 11번지 323호 지하1층, 지상1,2층",110 114 108,"성형외과, 산부인과, 피부과",의원,PHMA120123020033041100013,3020000,"서울특별시 용산구 유엔빌리지길 72, 지하1,지상1,2층 (한남동)",04420,03,폐업,0,2020-12-14,2020-12-20,34380510
용산엠치과의원,치과의원,2021-03-02,196998.220997242,447272.715789168,2026-04-25 22:30:26,I,03,폐업,115.06,3,0,2021-03-02 16:00:55,,2013-01-22,140-875,서울특별시 용산구 한강로2가 225번지 6호,401,치과,치과의원,PHMA120133020033041100002,3020000,서울특별시 용산구 한강대로 84-1 (한강로2가),04387,03,폐업,0,,,02-790-0077
경희효전한의원,한의원,2019-05-15,200757.113163707,448018.925089164,2026-04-25 22:30:26,I,03,폐업,105.18,2,0,2019-05-15 17:40:55,,2013-02-13,140-888,서울특별시 용산구  274번지 1호 로얄샤르망 402호,301 304 307 302 305 308 303 306,"한방내과, 한방부인과, 한방소아과, 한방안·이비인후·피부과, 한방신경정신과, 한방재활의학과, 사상체질과, 침구과",한의원,PHMA120133020033041100003,3020000,"서울특별시 용산구 독서당로 81, 402호 (한남동)",04419,03,폐업,0,,,
청아치과의원,치과의원,2013-05-08,199471.30974998,447522.747030786,2026-04-25 22:30:26,I,03,폐업,102.17,1,0,2013-05-08 16:00:35,,2013-02-15,140-731,서울특별시 용산구 이태원동 22번지 2호,401,치과,치과의원,PHMA120133020033041100004,3020000,"서울특별시 용산구 장문로 27 (이태원동, 청화상가)",,03,폐업,0,,,02-794-6106
차암한의원,한의원,2016-01-14,200502.179579742,447861.95859763,2026-04-25 22:30:26,I,03,폐업,189.32,2,0,2016-01-14 13:28:18,,2013-03-12,140-889,서울특별시 용산구 한남동 79번지 3호,306 303 308 305 302 301 304 307,"한방내과, 한방부인과, 한방소아과, 한방안·이비인후·피부과, 한방신경정신과, 한방재활의학과, 사상체질과, 침구과",한의원,PHMA120133020033041100006,3020000,서울특별시 용산구 대사관로 76 (한남동),04410,03,폐업,0,,,
용산벨라의원,의원,2017-03-17,197143.611431282,447561.482331264,2026-04-25 22:30:26,I,03,폐업,80.8,2,0,2017-03-17 15:34:31,,2013-04-05,140-871,"서울특별시 용산구 한강로2가 312번지 4호 (110, 207, 208, 209호)",114 108,"성형외과, 피부과",의원,PHMA120133020033041100009,3020000,서울특별시 용산구 한강대로 115 (한강로2가),04376,03,폐업,0,,,
배나무한의원,한의원,2025-03-01,199448.742449905,447896.841025975,2026-04-25 22:30:26,I,03,폐업,96.64,1,0,2025-03-06 14:16:32,,2013-10-10,,,301 302 303 305 308,"한방내과, 한방부인과, 한방소아과, 한방신경정신과, 침구과",한의원,PHMA120133020033041100014,3020000,서울특별시 용산구 보광로 118 (이태원동),04406,03,폐업,0,,,02-790-9975
경희서계한의원,한의원,2019-07-25,196711.134559234,449844.775829513,2026-04-25 22:30:26,I,03,폐업,98.04,1,0,2019-07-30 10:53:51,,2013-12-13,140-830,서울특별시 용산구 서계동 267번지 48호,302 301 303 307 305 304,"한방내과, 한방부인과, 한방소아과, 한방안·이비인후·피부과, 한방신경정신과, 사상체질과",한의원,PHMA120133020033041100015,3020000,서울특별시 용산구 효창원로 265-4 (서계동),04305,03,폐업,0,,,02-716-1075
제너럴닥터생활협동조합맘튼튼의원,의원,2018-07-27,199041.320145125,448036.15029742,2026-04-25 22:30:26,I,03,폐업,22.12,0,0,2018-07-27 14:24:01,,2014-03-03,,서울특별시 용산구 이태원동 183번지 1호,103,정신건강의학과,의원,PHMA120143020033041100001,3020000,"서울특별시 용산구 이태원로 145 (이태원동, 동호프라자.외환은행)",04351,03,폐업,0,,,
승치과의원,치과의원,2024-04-29,199955.429742269,447219.161582186,2026-04-25 22:30:26,I,03,폐업,98.13,1,0,2024-04-26 13:55:30,,2014-03-17,140-823,서울특별시 용산구 보광동 260번지 8호,401,치과,치과의원,PHMA120143020033041100002,3020000,서울특별시 용산구 보광로 30 (보광동),04415,03,폐업,0,,,
이화여성의원,의원,2017-03-31,197045.849468346,448447.558967085,2026-04-25 22:30:26,I,03,폐업,93.03,1,0,2017-06-01 15:02:17,,2014-04-08,140-846,서울특별시 용산구 원효로1가 133번지 3호 리첸시아용산상가 A동 316호,110 101 114 115,"내과, 산부인과, 피부과, 비뇨의학과",의원,PHMA120143020033041100004,3020000,"서울특별시 용산구 백범로 341, A동 3층 316호 (원효로1가)",04315,03,폐업,0,,,02-6092-0576
용산원의원,의원,2020-04-30,197479.1244603,447637.347182074,2026-04-25 22:30:26,I,03,폐업,200.55,2,0,2020-04-27 17:59:56,,2014-06-13,140-872,서울특별시 용산구 한강로2가 55번지,101 122 111 104 120 105,"내과, 외과, 정형외과, 소아청소년과, 재활의학과, 가정의학과",의원,PHMA120143020033041100008,3020000,서울특별시 용산구 한강대로40가길 24 (한강로2가),04382,03,폐업,0,,,02-794-4438
아이피웰의원,의원,2016-11-14,199774.471653899,448110.566487329,2026-04-25 22:30:26,I,03,폐업,549.3,1,0,2016-11-14 15:53:59,,2014-07-15,140-893,서울특별시 용산구 한남동 737번지 25호,101 113 106 108 114,"내과, 신경외과, 성형외과, 이비인후과, 피부과",의원,PHMA120143020033041100010,3020000,서울특별시 용산구 이태원로 221 (한남동),04349,03,폐업,0,,,1644-3568
아이피스마트의원,의원,2016-04-28,199774.471653899,448110.566487329,2026-04-25 22:30:26,I,03,폐업,187.5,1,0,2016-04-28 11:23:44,,2014-12-02,140-893,서울특별시 용산구 한남동 737번지 25호,101 114 122,"내과, 피부과, 가정의학과",의원,PHMA120143020033041100018,3020000,서울특별시 용산구 이태원로 221 (한남동),04349,03,폐업,0,,,
국방한의원,한의원,2020-05-20,197948.317862349,447933.587473387,2026-04-25 22:30:26,I,03,폐업,116.5,1,0,2020-05-15 15:37:37,,2015-02-10,140-023,서울특별시 용산구 용산동3가 1번지,301 302 303 304 305 306 307 308 309,"한방내과, 한방부인과, 한방소아과, 한방안·이비인후·피부과, 한방신경정신과, 한방재활의학과, 사상체질과, 침구과, 한방응급과",한의원,PHMA120153020033041100004,3020000,서울특별시 용산구 이태원로 22 (용산동3가),04383,03,폐업,0,,,02-748-1188
셀의원,의원,2016-06-20,196993.838133124,449201.432096601,2026-04-25 22:30:26,I,03,폐업,129.16,1,0,2016-07-18 17:31:01,,2015-04-13,140-132,서울특별시 용산구 청파동2가 63번지 5호,101 109 114,"내과, 마취통증의학과, 피부과",의원,PHMA120153020033041100008,3020000,서울특별시 용산구 청파로47길 66 (청파동2가),04310,03,폐업,0,,,02-469-7570
제일내과의원,의원,2017-05-19,196252.288320072,448722.260917391,2026-04-25 22:30:26,I,03,폐업,145.32,1,0,2017-05-29 15:13:05,,2015-05-20,140-897,서울특별시 용산구 효창동 5번지 219호,101 113,"내과, 이비인후과",의원,PHMA120153020033041100011,3020000,서울특별시 용산구 백범로 259 (효창동),04318,03,폐업,0,,,02-713-1343
재단법인 국제안전보건재단 아이피웰한의원,한의원,2016-12-29,199774.471653899,448110.566487329,2026-04-25 22:30:26,I,03,폐업,191.22,1,0,2016-12-29 17:39:27,,2016-05-03,,서울특별시 용산구 한남동 737번지 25호,308 307 306 305 304 303 302 301,"한방내과, 한방부인과, 한방소아과, 한방안·이비인후·피부과, 한방신경정신과, 한방재활의학과, 사상체질과, 침구과",한의원,PHMA120163020033041100005,3020000,"서울특별시 용산구 이태원로 221 (한남동, 아이피부티크호텔)",04349,03,폐업,0,,,1644-3568
새창한의원,한의원,2016-09-01,196281.644888557,448472.089792778,2026-04-25 22:30:26,I,03,폐업,72.65,1,0,2016-09-02 09:34:40,,2016-05-10,,서울특별시 용산구 용문동 36번지 4호,308 304 303 302 301,"한방내과, 한방부인과, 한방소아과, 한방안·이비인후·피부과, 침구과",한의원,PHMA120163020033041100006,3020000,서울특별시 용산구 새창로14길 22 (용문동),04356,03,폐업,0,,,02-713-9773
힐링정형외과의원,의원,2016-08-24,199964.476634812,447115.813891788,2026-04-25 22:30:26,I,03,폐업,127,1,0,2016-08-24 18:03:57,,2016-06-14,,서울특별시 용산구 보광동 217번지 31호,115 114 111 105 104 101,"내과, 외과, 정형외과, 소아청소년과, 피부과, 비뇨의학과",의원,PHMA120163020033041100007,3020000,서울특별시 용산구 장문로 97 (보광동),04394,03,폐업,0,,,
선인메디칼의원,의원,2018-06-30,196839.641743356,447863.232025192,2026-04-25 22:30:26,I,03,폐업,85,1,0,2018-06-22 09:30:06,,2016-09-07,,서울특별시 용산구 한강로2가 15번지 14호,120 116 109 101,"내과, 마취통증의학과, 영상의학과, 재활의학과",의원,PHMA120163020033041100010,3020000,"서울특별시 용산구 새창로 181, 22동 7층 7042호 (한강로2가, 선인상가)",04371,03,폐업,0,,,02-717-3210
생생한의원,한의원,2017-04-04,199460.249602903,447709.370538704,2026-04-25 22:30:26,I,03,폐업,106.3,2,0,2017-03-31 15:27:48,,2016-09-19,,서울특별시 용산구 이태원동 96번지 38호,308 307 306 305 304 303 302 301,"한방내과, 한방부인과, 한방소아과, 한방안·이비인후·피부과, 한방신경정신과, 한방재활의학과, 사상체질과, 침구과",한의원,PHMA120163020033041100011,3020000,서울특별시 용산구 녹사평대로26길 93 (이태원동),04391,03,폐업,0,,,
생생한의원,한의원,2017-06-05,199460.249602903,447709.370538704,2026-04-25 22:30:26,I,03,폐업,106.3,2,0,2017-06-05 16:38:19,,2017-04-03,,서울특별시 용산구 이태원동 96번지 38호,308 307 306 305 304 303 302 301,"한방내과, 한방부인과, 한방소아과, 한방안·이비인후·피부과, 한방신경정신과, 한방재활의학과, 사상체질과, 침구과",한의원,PHMA120173020033041100003,3020000,서울특별시 용산구 녹사평대로26길 93 (이태원동),04391,03,폐업,0,,,1800-6502
용산벨라의원,의원,2017-10-31,197143.611431282,447561.482331264,2026-04-25 22:30:26,I,03,폐업,80.5,1,0,2017-10-30 17:27:01,,2017-04-11,,서울특별시 용산구 한강로2가 312번지 4호,114 108,"성형외과, 피부과",의원,PHMA120173020033041100004,3020000,"서울특별시 용산구 한강대로 115 (한강로2가,  대우디오빌 207호,208호,209호)",04376,03,폐업,0,,,02-796-3392
용산벨라의원,의원,2018-01-30,197143.611431282,447561.482331264,2026-04-25 22:30:26,I,03,폐업,88.24,1,0,2018-01-30 09:43:12,,2017-11-17,,서울특별시 용산구 한강로2가 312번지 4호 대우디오빌,114 108,"성형외과, 피부과",의원,PHMA120173020033041100013,3020000,"서울특별시 용산구 한강대로 115, 2층 207,208,209호 (한강로2가)",04376,03,폐업,0,,,02-796-3392
코코이비인후과의원,의원,2024-12-31,197011.737528847,447430.100250997,2026-04-25 22:30:26,I,03,폐업,64.75,1,0,2025-01-08 09:55:34,,2018-02-08,,서울특별시 용산구 한강로2가 342번지 래미안용산 B207호,113 111 101,"내과, 소아청소년과, 이비인후과",의원,PHMA120183020033041100001,3020000,"서울특별시 용산구 한강대로 95, 지하2층 207호 (한강로2가, 래미안용산)",04378,03,폐업,0,,,02-794-7990
용산벨라의원,의원,2018-10-30,197143.611431282,447561.482331264,2026-04-25 22:30:26,I,03,폐업,88.24,1,0,2018-10-29 15:21:51,,2018-02-13,,서울특별시 용산구 한강로2가 312번지 4호 대우디오빌,114 108 101,"내과, 성형외과, 피부과",의원,PHMA120183020033041100002,3020000,"서울특별시 용산구 한강대로 115, 대우디오빌 2층 207~209호 (한강로2가)",04376,03,폐업,0,,,02-796-3392
삼성라인성형외과의원,의원,2019-06-25,197083.100438264,447552.774477998,2026-04-25 22:30:26,I,03,폐업,82.12,1,0,2019-06-25 14:21:18,,2018-04-30,,서울특별시 용산구 한강로2가 2번지 37호 용산토투밸리,108,성형외과,의원,PHMA120183020033041100006,3020000,"서울특별시 용산구 새창로 217, 용산토투밸리 2층 203~206,210~220,250~251호 (한강로2가)",04376,03,폐업,0,,,02-545-2021
선이고은의원,의원,2023-08-01,197083.100438264,447552.774477998,2026-04-25 22:30:26,I,03,폐업,43.8,1,0,2023-07-26 13:56:56,,2018-05-14,,서울특별시 용산구 한강로2가 2번지 37호 용산토투밸리,115 114 110 109 108 107 104 101,"내과, 외과, 심장혈관흉부외과, 성형외과, 마취통증의학과, 산부인과, 피부과, 비뇨의학과",의원,PHMA120183020033041100009,3020000,"서울특별시 용산구 새창로 217, 용산토투밸리 2층 201~202,207~209,252~254호 (한강로2가)",04376,03,폐업,0,,,02-593-3210
한남더실의원,의원,2020-05-12,200506.526414837,447984.668766655,2026-04-25 22:30:27,I,03,폐업,304.69,1,0,2020-05-12 17:17:11,,2019-05-27,,서울특별시 용산구 한남동 635번지 1호 신화빌딩,108,성형외과,의원,PHMA120193020033041100003,3020000,"서울특별시 용산구 한남대로21길 17, 신화빌딩 3층 (한남동)",04401,03,폐업,0,,,02-792-2117
화인마취통증의학과의원 용산점,의원,2023-09-19,197056.728931087,447077.126289262,2026-04-25 22:30:27,I,03,폐업,181.83,1,0,2023-09-20 20:44:24,,2020-10-20,,서울특별시 용산구 한강로3가 63-70,122 120 109 106 105,"정형외과, 신경외과, 마취통증의학과, 재활의학과, 가정의학과",의원,PHMA120203020033041100012,3020000,"서울특별시 용산구 서빙고로 17, 2층 113~116호 (한강로3가)",04387,03,폐업,0,,,02-6956-7505
이촌성형외과의원,의원,2025-03-29,197138.670479641,446538.290693946,2026-04-25 22:30:27,I,03,폐업,53.3,2,0,2025-03-24 13:44:23,,2021-01-12,,서울특별시 용산구 이촌동 302-61 제일맨션,108,성형외과,의원,PHMA120213020033041100002,3020000,"서울특별시 용산구 이촌로 192, 101호 (이촌동, 제일맨션)",04427,03,폐업,0,,,02-797-2773
채움산부인과의원,의원,2025-08-31,197056.728931087,447077.126289262,2026-04-25 22:30:27,I,03,폐업,144.46,3,0,2025-08-18 14:29:19,,2021-08-26,,,110,산부인과,의원,PHMA120213020033041100011,3020000,"서울특별시 용산구 서빙고로 17, 2층 29~31호 (한강로3가)",04387,03,폐업,0,,,02-6218-0501
마인드카페정신건강의학과의원,의원,2025-04-29,199337.628628981,447413.487156381,2026-04-25 22:30:27,I,03,폐업,23.2,1,0,2025-04-25 13:19:13,,2022-10-11,,서울특별시 용산구 이태원동 22-76 몬드리안 서울 이태원,103,정신건강의학과,의원,PHMA120223020033041100010,3020000,"서울특별시 용산구 장문로 23, 몬드리안 서울 이태원 지하2층 (이태원동)",04392,03,폐업,0,,,02-790-9811
지성한의원,한의원,2017-07-18,197257.765183997,447772.298383734,2026-04-25 22:30:24,I,03,폐업,63.05,1,0,2017-07-19 16:45:42,,2005-08-23,140-753,서울특별시 용산구 한강로2가 2번지 8호,301 302 303 304 305 306 307 308,"한방내과, 한방부인과, 한방소아과, 한방안·이비인후·피부과, 한방신경정신과, 한방재활의학과, 사상체질과, 침구과",한의원,PHMA120053020033041100010,3020000,서울특별시 용산구 한강대로43길 8 (한강로2가),04376,03,폐업,0,,,32158275
건강한내과의원,의원,2015-02-15,,,2026-04-25 22:30:24,I,03,폐업,129.16,1,0,2015-02-09 15:50:18,,2005-09-07,,서울특별시 용산구 청파동2가 63-5,101 111 113 114,"내과, 소아청소년과, 이비인후과, 피부과",의원,PHMA120053020033041100012,3020000,,,03,폐업,0,,,
뉴케이피부과의원,의원,2016-03-01,197450.277644237,446437.197878548,2026-04-25 22:30:24,I,03,폐업,102.96,3,0,2016-02-25 11:36:24,,2005-10-19,,서울특별시 용산구 이촌1동 300-27 한강쇼핑센터 302호,114,피부과,의원,PHMA120053020033041100015,3020000,"서울특별시 용산구 이촌로 224, 303호 (이촌동, 한강쇼핑센터)",04427,03,폐업,0,,,
민들레산부인과의원,의원,2013-01-19,197450.277644237,446437.197878548,2026-04-25 22:30:24,I,03,폐업,99.9,1,0,2013-01-15 09:04:14,,2005-11-07,140-854,서울특별시 용산구 이촌동 300번지 27호 한강쇼핑센터 306호,110,산부인과,의원,PHMA120053020033041100017,3020000,"서울특별시 용산구 이촌로 224, 306호 (이촌동, 한강쇼핑센터)",,03,폐업,0,,,
류동훈한의원,한의원,2013-08-12,,,2026-04-25 22:30:24,I,03,폐업,79.56,1,0,2017-06-09 13:40:36,,2005-11-07,140-858,서울특별시 용산구 이태원동131-40,301 302 303 304 305 306 307 308,"한방내과, 한방부인과, 한방소아과, 한방안·이비인후·피부과, 한방신경정신과, 한방재활의학과, 사상체질과, 침구과",한의원,PHMA120053020033041100018,3020000,,,03,폐업,0,2013-04-12,2013-11-12,
삼성치과의원,치과의원,2013-02-28,,,2026-04-25 22:30:24,I,03,폐업,56.08,1,0,2013-02-28 11:11:12,,2005-12-01,140-854,서울특별시 용산구 이촌동 302-52 엘지프라자 206호,201 202 203 204 205 210,"구강악안면외과, 치과보철과, 치과교정과, 소아치과, 치주과, 예방치과",치과의원,PHMA120053020033041100020,3020000,,,03,폐업,0,,,
아리샘한의원,한의원,2009-03-13,,,2026-04-25 22:30:24,I,03,폐업,152.93,1,0,2009-03-13 17:38:36,,2005-12-14,140-884,서울특별시 용산구 한남동 11-323,301 302 303 304 305 306 307 308,"한방내과, 한방부인과, 한방소아과, 한방안·이비인후·피부과, 한방신경정신과, 한방재활의학과, 사상체질과, 침구과",한의원,PHMA120053020033041100022,3020000,,,03,폐업,0,,,
미사랑치과의원,치과의원,2008-08-22,196147.046126753,447779.858291805,2026-04-25 22:30:24,I,03,폐업,110.1,1,0,2008-12-02 12:05:11,,2005-04-06,140-879,서울특별시 용산구 한강로3가 16번지 48호,204 207 210 401 208 205 202 203 201 206 209,"구강악안면외과, 치과보철과, 치과교정과, 소아치과, 치주과, 치과보존과, 구강내과, 구강악안면방사선과, 구강병리과, 예방치과, 치과",치과의원,PHMA120053020033041100023,3020000,서울특별시 용산구 청파로 52 (한강로3가),,03,폐업,0,,,
경희해모아한의원,한의원,2010-06-21,,,2026-04-25 22:30:24,I,03,폐업,144.2,3,0,2010-06-21 10:05:00,,2006-03-10,140-780,서울특별시 용산구 한강로3가 40-999 스페이스9지하1층,301 302 303 304 305 306 307 308,"한방내과, 한방부인과, 한방소아과, 한방안·이비인후·피부과, 한방신경정신과, 한방재활의학과, 사상체질과, 침구과",한의원,PHMA120063020033041100005,3020000,,,03,폐업,0,,,20120321
초콜렛치과의원,치과의원,2019-05-01,200529.688939032,447934.663589911,2026-04-25 22:30:24,I,03,폐업,165.89,1,0,2019-05-02 11:14:07,,2006-04-05,140-886,서울특별시 용산구 한남동 76번지 6호 3층,411 406 405 404 403 402,"구강악안면외과, 치과보철과, 치과교정과, 소아치과, 치주과, 예방치과",치과의원,PHMA120063020033041100006,3020000,서울특별시 용산구 한남대로 57 (한남동),04401,03,폐업,0,,,
화이트수치과의원,치과의원,2022-07-31,197450.277644237,446437.197878548,2026-04-25 22:30:24,I,03,폐업,97.94,2,0,2022-07-20 14:01:54,,2006-04-17,140-854,서울특별시 용산구 이촌동 300번지 27호 한강쇼핑센터 309호,411 406 405 404 403 402,"구강악안면외과, 치과보철과, 치과교정과, 소아치과, 치주과, 예방치과",치과의원,PHMA120063020033041100007,3020000,서울특별시 용산구 이촌로 224 (이촌동),04427,03,폐업,0,,,
경희궁한의원,한의원,2011-10-28,,,2026-04-25 22:30:24,I,03,폐업,325.3,2,0,2011-10-28 16:29:08,,2006-05-11,140-857,서울특별시 용산구 이태원2동225-1 2층3층,301 302 303 304 305 306 307 308,"한방내과, 한방부인과, 한방소아과, 한방안·이비인후·피부과, 한방신경정신과, 한방재활의학과, 사상체질과, 침구과",한의원,PHMA120063020033041100008,3020000,,,03,폐업,0,,,
예일치과의원,치과의원,2012-01-31,,,2026-04-25 22:30:24,I,03,폐업,107.2,1,0,2012-01-31 09:56:06,,2006-07-03,140-818,서울특별시 용산구 동자동12 게이트웨이 2층,201 202 203 204 205 210,"구강악안면외과, 치과보철과, 치과교정과, 소아치과, 치주과, 예방치과",치과의원,PHMA120063020033041100012,3020000,,,03,폐업,0,,,
참이비인후과의원,의원,2011-03-21,,,2026-04-25 22:30:24,I,03,폐업,66.5,1,0,2011-03-21 16:02:00,,2006-10-13,,서울특별시 용산구 원효로2가 94-2 원효상가아파트 211호,101 111 113 114 115,"내과, 소아청소년과, 이비인후과, 피부과, 비뇨의학과",의원,PHMA120063020033041100014,3020000,,,03,폐업,0,,,
소담한의원,한의원,2009-11-05,,,2026-04-25 22:30:24,I,03,폐업,174.5,1,0,2009-11-06 10:08:11,,2006-11-08,140-823,서울특별시 용산구     보광동260-3 3층,301 302 303 304 305 306 307 308,"한방내과, 한방부인과, 한방소아과, 한방안·이비인후·피부과, 한방신경정신과, 한방재활의학과, 사상체질과, 침구과",한의원,PHMA120063020033041100015,3020000,,,03,폐업,0,,,
샤인인터내셔널치과의원,치과의원,2010-03-04,,,2026-04-25 22:30:24,I,03,폐업,329.8,2,0,2010-03-04 16:43:13,,2007-01-03,140-854,서울특별시 용산구 이촌1동 302-79,201 202 203 204 205 210,"구강악안면외과, 치과보철과, 치과교정과, 소아치과, 치주과, 예방치과",치과의원,PHMA120073020033041100001,3020000,,,03,폐업,0,,,
타라한의원,한의원,2012-11-22,,,2026-04-25 22:30:24,I,03,폐업,103.9,1,0,2012-11-22 16:14:21,,2007-01-17,140-888,서울특별시 용산구 한남동 274-1로얄샤르망402호,301 302 303 304 305 306 307 308,"한방내과, 한방부인과, 한방소아과, 한방안·이비인후·피부과, 한방신경정신과, 한방재활의학과, 사상체질과, 침구과",한의원,PHMA120073020033041100002,3020000,,,03,폐업,0,,,
늘사랑의원,의원,2009-03-09,,,2026-04-25 22:30:24,I,03,폐업,28.46,2,0,2009-03-09 10:19:36,,2007-01-16,,서울특별시 용산구 원효로4가117-8 지상1층,101 104 109 110 111 112 113 114 115 122,"내과, 외과, 마취통증의학과, 산부인과, 소아청소년과, 안과, 이비인후과, 피부과, 비뇨의학과, 가정의학과",의원,PHMA120073020033041100003,3020000,,,03,폐업,0,,,
용산삼성치과의원,치과의원,2012-06-29,,,2026-04-25 22:30:24,I,03,폐업,152.5,1,0,2012-07-02 12:07:11,,2007-05-04,140-090,서울특별시 용산구 신계동 35-11 6층,201 202 203 204 205 210,"구강악안면외과, 치과보철과, 치과교정과, 소아치과, 치주과, 예방치과",치과의원,PHMA120073020033041100005,3020000,,,03,폐업,0,,,
연세지치과의원,치과의원,2009-02-21,,,2026-04-25 22:30:24,I,03,폐업,135.8,1,0,2009-04-09 13:36:19,,2007-07-04,140-013,서울특별시 용산구 한강로3가40-999,201 202 203 204 205 210,"구강악안면외과, 치과보철과, 치과교정과, 소아치과, 치주과, 예방치과",치과의원,PHMA120073020033041100007,3020000,,,03,폐업,0,,,37852828
하나의원,의원,2012-08-31,197486.92487521,450111.04375671,2026-04-25 22:30:24,I,03,폐업,237.6,3,0,2012-08-30 18:02:48,,2007-08-31,140-821,서울특별시 용산구 동자동 43번지 56호  센트럴프라자 4층 401호,101 122,"내과, 가정의학과",의원,PHMA120073020033041100009,3020000,"서울특별시 용산구 한강대로 391 (동자동,센트럴프라자 4층 401호)",,03,폐업,0,,,
미플러스치과의원,치과의원,2008-06-25,195626.907963469,447805.075269332,2026-04-25 22:30:24,I,03,폐업,142.58,1,0,2011-11-22 11:51:41,,2007-11-08,140-850,서울특별시 용산구 원효로4가 118번지 3호 201호,201 204 207 210 401 208 205 202 203 206 209,"구강악안면외과, 치과보철과, 치과교정과, 소아치과, 치주과, 치과보존과, 구강내과, 구강악안면방사선과, 구강병리과, 예방치과, 치과",치과의원,PHMA120073020033041100012,3020000,"서울특별시 용산구 원효로 68 (원효로4가,201호)",,03,폐업,0,,,
늘좋은한의원,한의원,2024-04-30,200010.199847455,447133.525855983,2026-04-25 22:30:24,I,03,폐업,73.3,1,0,2024-04-29 09:59:37,,2008-01-21,140-822,서울특별시 용산구 보광동 80번지 19호,301 302 303 304 305 306 307 308,"한방내과, 한방부인과, 한방소아과, 한방안·이비인후·피부과, 한방신경정신과, 한방재활의학과, 사상체질과, 침구과",한의원,PHMA120083020033041100001,3020000,서울특별시 용산구 보광로 20 (보광동),04415,03,폐업,0,,,
룡플란트치과의원,치과의원,2008-10-01,,,2026-04-25 22:30:24,I,03,폐업,170,1,0,2009-04-14 13:39:46,,2008-01-24,140-170,서울특별시 용산구 동자동 43-56 3층,201 202 203 204 205 210,"구강악안면외과, 치과보철과, 치과교정과, 소아치과, 치주과, 예방치과",치과의원,PHMA120083020033041100002,3020000,,,03,폐업,0,,,
동백한의원,한의원,2022-04-01,197527.309705578,446787.344790036,2026-04-25 22:30:25,I,03,폐업,54.45,1,0,2022-03-31 17:38:12,,2008-03-25,140-762,서울특별시 용산구 용산동5가 24번지 1호,301 302 303 304 305 306 307 308,"한방내과, 한방부인과, 한방소아과, 한방안·이비인후·피부과, 한방신경정신과, 한방재활의학과, 사상체질과, 침구과",한의원,PHMA120083020033041100004,3020000,서울특별시 용산구 서빙고로 69 (용산동5가),04385,03,폐업,0,,,
프라임치과의원,치과의원,2010-12-10,,,2026-04-25 22:30:25,I,03,폐업,149.92,1,0,2010-12-10 10:45:51,,2008-04-28,140-887,"서울특별시 용산구 한남동 29-14 3층, 4층",201 202 203 204 205 210,"구강악안면외과, 치과보철과, 치과교정과, 소아치과, 치주과, 예방치과",치과의원,PHMA120083020033041100006,3020000,,,03,폐업,0,,,
연세마취통증의학과의원,의원,2023-01-21,196426.613790962,448089.513228441,2026-04-25 22:30:25,I,03,폐업,242.54,2,0,2023-01-19 16:42:43,,2008-06-16,,서울특별시 용산구 원효로2가 91번지 9호,101 104 105 106 109 111 113 114 115 116 120,"내과, 외과, 정형외과, 신경외과, 마취통증의학과, 소아청소년과, 이비인후과, 피부과, 비뇨의학과, 영상의학과, 재활의학과",의원,PHMA120083020033041100011,3020000,"서울특별시 용산구 원효로 155 (원효로2가, 민복빌딩)",04363,03,폐업,0,,,02-716-9556
미소라인업치과의원,치과의원,2011-04-04,,,2026-04-25 22:30:25,I,03,폐업,69.46,1,0,2011-04-04 16:30:08,,2008-06-26,140-011,서울특별시 용산구 한강로1가 64 대우월드마크 102동 207호,201 202 203 204 205 210,"구강악안면외과, 치과보철과, 치과교정과, 소아치과, 치주과, 예방치과",치과의원,PHMA120083020033041100012,3020000,,,03,폐업,0,,,
예작비뇨기과의원,의원,2008-12-29,197486.931456007,450171.953371765,2026-04-25 22:30:25,I,03,폐업,84.66,1,0,2016-01-27 16:43:49,,2008-07-04,,서울특별시 용산구 동자동 43번지 73호,115,비뇨의학과,의원,PHMA120083020033041100013,3020000,"서울특별시 용산구 한강대로 397 (동자동, 부양빌딩)",04320,03,폐업,0,,,
신유한의원,한의원,2011-01-26,,,2026-04-25 22:30:25,I,03,폐업,142.08,1,0,2011-01-26 17:28:06,,2008-07-24,140-884,서울특별시 용산구 한남동 258 현대리버티하우스 101호,301 302 303 304 305 306 307 308,"한방내과, 한방부인과, 한방소아과, 한방안·이비인후·피부과, 한방신경정신과, 한방재활의학과, 사상체질과, 침구과",한의원,PHMA120083020033041100014,3020000,,,03,폐업,0,,,
연세푸른의원,의원,2012-01-01,,,2026-04-25 22:30:25,I,03,폐업,68.96,1,0,2011-12-30 17:46:22,,2008-08-28,,서울특별시 용산구 한강로1가 64 대우월드마크 102동 208호,101 102 103 104 105 110 111 112 113 114 115 118 122,"내과, 신경과, 정신건강의학과, 외과, 정형외과, 산부인과, 소아청소년과, 안과, 이비인후과, 피부과, 비뇨의학과, 병리과, 가정의학과",의원,PHMA120083020033041100017,3020000,,,03,폐업,0,,,
전자랜드의원,의원,2024-03-15,196370.746398773,447841.698787531,2026-04-25 22:30:25,I,03,폐업,224.6,1,0,2024-03-15 10:12:12,,2008-09-01,,서울특별시 용산구 한강로3가 16번지 9호,101 104 110 113 114 122,"내과, 외과, 산부인과, 이비인후과, 피부과, 가정의학과",의원,PHMA120083020033041100018,3020000,"서울특별시 용산구 청파로 74, A45호 (한강로3가, 전자랜드)",04372,03,폐업,0,,,
이태원한의원,한의원,2010-02-18,199471.30974998,447522.747030786,2026-04-25 22:30:25,I,03,폐업,552.6,4,0,2010-02-18 10:43:48,,2008-10-13,140-200,서울특별시 용산구 이태원동 22번지 2호 청화아파트상가동 301호,301 304 307 308 305 302 303 306,"한방내과, 한방부인과, 한방소아과, 한방안·이비인후·피부과, 한방신경정신과, 한방재활의학과, 사상체질과, 침구과",한의원,PHMA120083020033041100022,3020000,"서울특별시 용산구 장문로 27 (이태원동,청화아파트상가동 301호)",,03,폐업,27,,,
최성권한의원,한의원,2008-12-17,199471.30974998,447522.747030786,2026-04-25 22:30:25,I,03,폐업,280.76,2,0,2010-08-03 09:54:53,,2008-10-13,140-201,서울특별시 용산구 이태원동 22번지 2호 청화아파트상가동 301호,301 304 307 302 305 308 303 306,"한방내과, 한방부인과, 한방소아과, 한방안·이비인후·피부과, 한방신경정신과, 한방재활의학과, 사상체질과, 침구과",한의원,PHMA120083020033041100023,3020000,"서울특별시 용산구 장문로 27 (이태원동,청화아파트상가동 301호)",,03,폐업,28,,,
정상욱한의원,한의원,2008-12-17,199471.30974998,447522.747030786,2026-04-25 22:30:25,I,03,폐업,139.6,2,0,2017-12-14 16:59:30,,2008-10-13,140-201,서울특별시 용산구 이태원동 22번지 2호 청화아파트상가동301호,304 301 307 302 305 308 303 306,"한방내과, 한방부인과, 한방소아과, 한방안·이비인후·피부과, 한방신경정신과, 한방재활의학과, 사상체질과, 침구과",한의원,PHMA120083020033041100024,3020000,"서울특별시 용산구 장문로 27 (이태원동,청화아파트상가동301호)",,03,폐업,21,,,
화이트치과의원,치과의원,2010-12-10,195626.907963469,447805.075269332,2026-04-25 22:30:25,I,03,폐업,138.39,1,0,2010-12-10 16:42:54,,2008-12-17,140-850,서울특별시 용산구 원효로4가 118번지 3호 2층,201 204 207 210 401 208 205 202 203 206 209,"구강악안면외과, 치과보철과, 치과교정과, 소아치과, 치주과, 치과보존과, 구강내과, 구강악안면방사선과, 구강병리과, 예방치과, 치과",치과의원,PHMA120083020033041100025,3020000,"서울특별시 용산구 원효로 68 (원효로4가,2층)",,03,폐업,0,,,
룡플란트치과의원,치과의원,2012-06-23,197486.92487521,450111.04375671,2026-04-25 22:30:25,I,03,폐업,165.85,1,0,2012-06-22 13:51:20,,2008-10-01,140-821,서울특별시 용산구 동자동 43번지 56호 3층,401,치과,치과의원,PHMA120083020033041100026,3020000,"서울특별시 용산구 한강대로 391 (동자동,3층)",,03,폐업,0,,,
금강치과의원,치과의원,2011-12-30,198236.296378418,446262.544080318,2026-04-25 22:30:25,I,03,폐업,58.34,1,0,2011-12-30 11:51:16,,2009-01-02,140-907,서울특별시 용산구 이촌동 301번지 160호 21동 가002호,201 204 207 210 202 205 208 401 203 206 209,"구강악안면외과, 치과보철과, 치과교정과, 소아치과, 치주과, 치과보존과, 구강내과, 구강악안면방사선과, 구강병리과, 예방치과, 치과",치과의원,PHMA120093020033041100001,3020000,"서울특별시 용산구 이촌로 303 (이촌동,21동 가002호)",,03,폐업,0,,,
연세제일의원,의원,2015-02-18,196252.288320072,448722.260917391,2026-04-25 22:30:25,I,03,폐업,145.32,1,0,2015-02-13 14:47:40,,2009-03-09,140-897,"서울특별시 용산구 효창동 5번지 219호 지상 1,2층",101 104 113 122 105 111 114,"내과, 외과, 정형외과, 소아청소년과, 이비인후과, 피부과, 가정의학과",의원,PHMA120093020033041100003,3020000,"서울특별시 용산구 백범로 259 (효창동,지상 1,2층)",,03,폐업,0,,,02-703-9907
강치과의원,치과의원,2010-08-31,197293.23335375,449201.143111942,2026-04-25 22:30:25,I,03,폐업,79.58,1,0,2010-08-31 18:10:45,,2009-04-29,140-132,서울특별시 용산구 청파동2가 90번지 3호 3층,401,치과,치과의원,PHMA120093020033041100005,3020000,"서울특별시 용산구 청파로47길 4 (청파동2가,3층)",,03,폐업,0,,,
용화당한의원,한의원,2009-12-24,197696.554119247,448201.408007138,2026-04-25 22:30:25,I,03,폐업,26.99,1,0,2009-12-24 17:01:56,,2009-05-26,140-011,서울특별시 용산구 한강로1가 17번지 1호 1층,301 304 307 302 305 308 303 306,"한방내과, 한방부인과, 한방소아과, 한방안·이비인후·피부과, 한방신경정신과, 한방재활의학과, 사상체질과, 침구과",한의원,PHMA120093020033041100008,3020000,"서울특별시 용산구 한강대로 198-1 (한강로1가,1층)",,03,폐업,0,,,
다시서기의원,의원,2013-06-04,197467.136866231,450003.104806427,2026-04-25 22:30:25,I,03,폐업,119.18,6,0,2013-06-04 13:31:18,,2009-07-14,140-821,"서울특별시 용산구 동자동 43번지 64호 , 43번지 121호 1층",101 104 113 114 103 112,"내과, 정신건강의학과, 외과, 안과, 이비인후과, 피부과",의원,PHMA120093020033041100012,3020000,"서울특별시 용산구 한강대로 379-2 (동자동,, 43번지 121호 1층)",,03,폐업,0,,,
소마그린한의원,한의원,2009-12-31,199525.784740041,447680.995740575,2026-04-25 22:30:25,I,03,폐업,180.61,1,0,2009-12-31 10:23:16,,2009-07-15,140-858,서울특별시 용산구 이태원1동 21번지 3호 2층,301 304 307 302 305 308 303 306,"한방내과, 한방부인과, 한방소아과, 한방안·이비인후·피부과, 한방신경정신과, 한방재활의학과, 사상체질과, 침구과",한의원,PHMA120093020033041100013,3020000,"서울특별시 용산구 보광로 94 (이태원동,2층)",,03,폐업,0,,,
용산보화당한의원,한의원,2012-10-19,197479.1244603,447637.347182074,2026-04-25 22:30:25,I,03,폐업,136,1,0,2012-10-22 09:08:45,,2009-07-22,140-012,서울특별시 용산구 한강로2가 55번지 지하1층,301 304 307 302 305 308 303 306,"한방내과, 한방부인과, 한방소아과, 한방안·이비인후·피부과, 한방신경정신과, 한방재활의학과, 사상체질과, 침구과",한의원,PHMA120093020033041100014,3020000,"서울특별시 용산구 한강대로40가길 24 (한강로2가,지하1층)",,03,폐업,0,,,
뉴욕컬럼비아치과의원,치과의원,2018-08-10,199512.961015023,448062.701449536,2026-04-25 22:30:25,I,03,폐업,123.25,2,0,2018-08-10 09:58:40,,2009-08-10,140-858,서울특별시 용산구 이태원1동 123번지 26호 3층,401,치과,치과의원,PHMA120093020033041100015,3020000,"서울특별시 용산구 이태원로 191 (이태원동,3층)",,03,폐업,0,,,
석플란트치과의원,치과의원,2010-09-28,197474.673294114,450229.427777316,2026-04-25 22:30:25,I,03,폐업,43.6,1,0,2010-09-28 17:10:56,,2009-09-03,140-821,서울특별시 용산구 동자동 43번지 198호 4층,401,치과,치과의원,PHMA120093020033041100016,3020000,"서울특별시 용산구 한강대로 403 (동자동,4층)",,03,폐업,0,,,02-777-0001
비타마취통증의학과의원,의원,2010-12-30,196409.242763396,448131.374883013,2026-04-25 22:30:25,I,03,폐업,114.62,3,0,2010-12-30 10:21:59,,2009-09-15,140-848,"서울특별시 용산구 원효로3가 1번지 33호 2층 201호, 202호",101 109 114 105,"내과, 정형외과, 마취통증의학과, 피부과",의원,PHMA120093020033041100018,3020000,"서울특별시 용산구 원효로41길 53 (원효로3가,2층 201호, 202호)",,03,폐업,0,,,
리더스치과의원,치과의원,2024-10-02,196149.859380737,448581.975861465,2026-04-25 22:30:25,I,03,폐업,84.89,1,0,2024-10-02 15:27:32,,2009-09-28,140-748,서울특별시 용산구 도원동 28번지 삼성래미안아파트상가 306호,401,치과,치과의원,PHMA120093020033041100019,3020000,"서울특별시 용산구 새창로 70 (도원동,삼성래미안아파트상가 306호)",04354,03,폐업,0,,,
빈센트의원,의원,2013-07-10,199547.510122734,448064.05638962,2026-04-25 22:30:25,I,03,폐업,99.33,1,0,2013-07-10 10:45:49,,2009-12-24,140-858,서울특별시 용산구 이태원1동 124번지 5호 3층,114 108 104 122,"외과, 성형외과, 피부과, 가정의학과",의원,PHMA120093020033041100020,3020000,"서울특별시 용산구 이태원로 195, 3층 (이태원동)",,03,폐업,0,,,02-507-8000
